"jobTitle","category","companyName","vacancy","jobContext","jobDescription","employmentStatus","educationalReq","additionalReq","jobLocation","salary"
"Accountant","Accounting Finance","Hasan International","01","Closely monitor and operate all payments and expenditure
Preparing and maintaining cheque register, asset register and Vat & Tax register etc.
Individual must be able to examine and prepare all journal vouchers and other documents related with accounts
Preparing and maintaining all the vouchers and bills requisition timely
Manage petty cash and verify the bill voucher of petty cash expenses
Identify variances in actual expenditure and the budget
Prepare financial report & budget variance report as per need
Any other responsibilities assigned by the Management","Closely monitor and operate all payments and expenditure","Full-time","Bachelor of Business Administration (BBA) in Major in Accounting, Master of Business Administration (MBA) in Major in Accounting.","Age at least 25 years","Dhaka (Wari)","Negotiable""jobTitle","category","companyName","vacancy","jobContext","jobDescription","employmentStatus","educationalReq","additionalReq","jobLocation","salary"
"General Manager- Head of Internal Audit","Accounting Finance","Deshbandhu Group","Not specific","Policy assurance: Policies which are approved by competent authorities are being complied.Quality assurance: Quality assurance parameters are maintained across the processes, functions and group organizations.Prepare Audit plan, SOP and implementation across the group accordingly.Contribution in good governance across the group.Review organizational policy to achieve value for money and the prevention and detection of fraud and corruption.Provide advice on proposed developments such as major new systems and proposed initiatives to help ensure risks are properly identified and evaluated and appropriate controls built in.Plan and conduct audit to assess internal control in operation, analyzing existing controls and recommends controlling in specific organization systems.Identify instances of over and under control and provide management with a clear articulation of residual risksPerform and control the full audit cycle including risk management and control management over operations effectiveness, financial reliability and compliance with all applicable directives and regulationsDetermine internal audit scope and develop annual plans consultation with the managementObtain, analyze and evaluate accounting documentation, previous reports, data, flowcharts etcPrepare and present reports that reflect audit results and document processAct as an objective source of independent advice to ensure validity, legality and goal achievementIdentify loopholes and recommend risk aversion measures and cost savingsMaintain open communication with management and audit committeeDocument process and prepare audit findings memorandumConduct follow up audits to monitor management interventionsEngage to continuous knowledge development regarding sector rules, regulations, best practices, tools, techniques and performance standardsPerform any other responsibilities as per instruction by the management.","Policy assurance: Policies which are approved by competent authorities are being complied.","Full-time","B. Com (Hons), M. Com. (Accounts/ Finance) with CA (Inter)/CA (CC)","Age 30 to 47 years","Dhaka (Banani)","Negotiable""jobTitle","category","companyName","vacancy","jobContext","jobDescription","employmentStatus","educationalReq","additionalReq","jobLocation","salary"
"Executive / Sr. Executive (Tax & VAT)","Accounting Finance","Rosh Ltd","Not specific","We are searching for a perceptive, creative Tax & VAT Officer to oversee our factory, showroom, import & export operations. The Tax & VAT Officer will train all the respective staff, develop, review and improve policies, systems and procedures and generally ensuring the Tax & VAT smoothly and efficiently.","Maintaining and recording of transactions in accounting systems;","Full-time","Bachelor of Business Administration (BBA) in Finance and Accounting, Master of Business Administration (MBA) in Finance and Accounting","Age 28 to 35 years","Anywhere in Bangladesh","Negotiable""jobTitle","category","companyName","vacancy","jobContext","jobDescription","employmentStatus","educationalReq","additionalReq","jobLocation","salary"
"Project Accountant","Accounting Finance","Centre for Disability in Development (CDD)","01","The Centre for Disability in Development (CDD) is a not for profit organization established in 1996 to develop a more inclusive society for persons with disabilities. CDD simultaneously builds technical capacities of the development stakeholders and the communities in how to be more inclusive whilst also enabling persons with a disability to participate in society by strengthening their leadership and providing them with essential rehabilitation and other supports.
CDD is one of the most renowned organizations in the field of disability-inclusive development. CDD`s work in Bangladesh is supported by international and national donor agencies/development partners. CDD offers an inclusive, amicable, and respectable work environment.
The Ramon Magsaysay Award (Asian version of the Noble prize) has been awarded to its Executive Director in 2010. In 2018, CDD was recognized by the Government of Bangladesh as one of the best organizations working on disability and development issues.
CDD Office is now accepting applications for Monitoring, Evaluation, Accountability and Learning (MEAL) Officer.
CDD Office is now accepting applications for the Project of ""Ensuring the overall well-being and resilience of Rohingya and host community in a protected environment where children can learn and thrive"" Supported by AHP. The contract duration of the position is upto December 2023, high possibility to extend (subject to Fund availability and NGO Affairs Bureau Approval).","The Centre for Disability in Development (CDD) is a not for profit organization established in 1996 to develop a more inclusive society for persons with disabilities. CDD simultaneously builds technical capacities of the development stakeholders and the communities in how to be more inclusive whilst also enabling persons with a disability to participate in society by strengthening their leadership and providing them with essential rehabilitation and other supports.","Full-time, Contractual","Bachelor degree in Accounting, Finance or business background","Age at most 45 years","Cox's Bazar (Ukhia)","Tk. 60000 (Monthly)""jobTitle","category","companyName","vacancy","jobContext","jobDescription","employmentStatus","educationalReq","additionalReq","jobLocation","salary"
"Sr. Accounts Executive (VAT & TAX)","Accounting Finance","Fashion Group.","2","This is a corporate-based position & the Job Location will be Dhaka. The selected incumbents need to perform day to Accounts, VAT & TAX activities in selected departments and to be field movement due to accounts & collection purpose associates under the head office of the Company","Handle of all Tax & VAT related matters of the company.","Full-time","Master of Commerce (MCom)","Age 23 to 35 years","Anywhere in Bangladesh","As per company policy""jobTitle","category","companyName","vacancy","jobContext","jobDescription","employmentStatus","educationalReq","additionalReq","jobLocation","salary"
"ACCOUNTANT (MALE)","Accounting Finance","একটি স্বনামধন্য ও সুপ্রতিষ্ঠিত শিপিং ও লজিস্টিক কোম্পানি","Not specific","একটি স্বনামধন্য ও সুপ্রতিষ্ঠিত শিপিং কোম্পানিতে নিম্ন লিখিত পদে কিছু সংখ্যক লোক নিয়োগ করা হবে।","","Full-time","CA-CC","Age at most 45 years","চট্টগ্রাম","Negotiable""jobTitle","category","companyName","vacancy","jobContext","jobDescription","employmentStatus","educationalReq","additionalReq","jobLocation","salary"
"Officer Vat & Tax","Accounting Finance","A 100% export oriented multinational garments Manufacturing Company","01","A 100% export oriented multinational garments manufacturing company located in CEPZ is looking for -""OFFICER"" VAT & TAX","The candidate must be able to handle all VAT & Tax related works of the company independently in a timely manner","Full-time","Bachelor in Accounting or Finance from a reputed university.","Age at most 35 years","Chattogram (Chittagong Epz)","Negotiable""jobTitle","category","companyName","vacancy","jobContext","jobDescription","employmentStatus","educationalReq","additionalReq","jobLocation","salary"
"Asst.Officer-Accounts & Finance","Accounting Finance","Youngone Materials","Not specific","We are seeking confident applicant for Accounts & Finance","Assist in conducting all banking related tasks, regular communications and maintaining all bank transactions","Full-time","Master of Commerce (MCom) in Accounting","Age 25 to 32 years","Chattogram","Negotiable""jobTitle","category","companyName","vacancy","jobContext","jobDescription","employmentStatus","educationalReq","additionalReq","jobLocation","salary"
"Executive - LC Verification","Accounting Finance","Walton Hi-Tech Industries PLC.","7","Check & verify all documents comply with the terms and conditions of the Letter of Credit, Import procedure, international trade regulations, and company policies.Pre-imported documents undergo thorough scrutiny together with historical data analysis for price assumptions from various comparative statements.A comprehensive understanding of the conditions and terms of letters of credit provided by banks or other financial institutions.Make sure that any documents submitted for verification are in compliance with the LC requirements, and deal with any differences as soon as they arise.Review and confirm all the Bank proposals for new limits, limit enhancement, specific limits, L/C limits, nonfunded limits, takeover, and renewal.Track and monitor every step of the shipping process, including the estimation of the time needed and the date of dispatch.Conversant with Trade Finance Product’s as well as UCP600, ISP98 and URR725.Good understanding of various SWIFT message types.Interconnect with exporters, shipping companies, and other pertinent parties to correct anomalies in documents and acquire any clarifications that are required.To ensure efficient processing, communicate with internal divisions including SCM, Finance & Accounts, bill verification, and compliance.Determine and evaluate any potential risks connected with the verification process, such as credit, legal, and compliance concerns and take the necessary steps to reduce these risks.Responsible for Maintaining accurate records of all verified documents and transactions related to Foreign Purchase bill.Cost optimization scope searching at every point.Calculation of LC amendments (if necessary), late fees, actual payments, etc.Analysis post import cost analysis, Variance, total import cost, unit cost, cost variance etc.  Preparing LC Cost sheet, delay calculation, port demerge, shipping demerge, Debit note issue to supplier/adjust with payable amount and take approval from Reporting Supervisor and Managing Director after reaching the warehouse.Comparing the quantity received to the purchase order or list, identifying any discrepancies or shortages, and issuing a debit note to the supplier or adjusting the payable amountContinuously evaluate and improve the efficiency and effectiveness of the LC bill verification process.Stay updated on changes in international trade regulations and banking practices.Prepare regular reports on the status of LC bill verification processes, including performance metrics and compliance issues.All individual LC files are updated in soft copy & Hard Copy.","Check & verify all documents comply with the terms and conditions of the Letter of Credit, Import procedure, international trade regulations, and company policies.","Full-time","M.Com/MBA/MBS in any discipline.","Age at least 23 years","Dhaka","Negotiable""jobTitle","category","companyName","vacancy","jobContext","jobDescription","employmentStatus","educationalReq","additionalReq","jobLocation","salary"
"Jr. Accounts Officer","Accounting Finance","Crockery Home","01","Job Location : Tikkapara, Mohammadpur, Dhaka","","Full-time","Bachelor of Commerce (BCom) in Accounting","Age 25 to 31 years","Dhaka (Mohammadpur)","Tk. 12000 - 14000 (Monthly)Corporate Mobile bill limit, Yearly Increment and others benefit as per company policies.""jobTitle","category","companyName","vacancy","jobContext","jobDescription","employmentStatus","educationalReq","additionalReq","jobLocation","salary"
"Finance Officer","Accounting Finance","Research Initiatives, Bangladesh (RIB)","1","Job location: Dhaka and field areas","Responsible for financial reporting (monthly, quarterly and annually Financial statement and accounts) as per RIB & RLS guidelines","Full-time, Contractual","Graduation/Masters in Accounting/finance, CA CC Complete","Excellent oral and writing skill in English and Bangla.","Anywhere in Bangladesh","""jobTitle","category","companyName","vacancy","jobContext","jobDescription","employmentStatus","educationalReq","additionalReq","jobLocation","salary"
"Assistant Manager - Accounts & Finance","Accounting Finance","WhiteShell Limited","1","A very well-reputed Company located in Gulshan is inviting applications for Assistant Manager - Accounts & Finance from deserving candidates.","Direct and coordinate the annual budget planning processes, controlling the tone and prioritization for initiatives and making recommendations to support the short and long-term needs of the company.","Full-time","Minimum Masters/MBA Degree in (Accounting/Finance)","Age 26 to 40 years","Dhaka","Negotiable""jobTitle","category","companyName","vacancy","jobContext","jobDescription","employmentStatus","educationalReq","additionalReq","jobLocation","salary"
"Chief Financial Officer (CFO)","Accounting Finance","Jamuna Group","Not specific","This is a senior-level role with responsibilities including providing accurate and timely financial reports to the Group Directors, conducting regular financial analyses, and auditing the company`s books.","To direct the day-to-day operations and activities of Accounts Officers in all financial matters using Tally software and to ensure that all sorts of transactions are in compliance with the documents related to the numerous daily tasks performed by Jamuna.","Full-time","Bachelor's degree (or equivalent) in business, accounting, or related field.","Age at least 35 years","Dhaka","Competitive remuneration package will be offered for the deserving candidate.""jobTitle","category","companyName","vacancy","jobContext","jobDescription","employmentStatus","educationalReq","additionalReq","jobLocation","salary"
"Accounts Officer","Accounting Finance","Hasan Marine Service","Not specific","Maintain accurate financial records, including accounts payable and accounts receivable.
Reconcile bank statements and ensure all transactions are accounted for.
Prepare financial reports, including balance sheets, income statements, and cash flow statements.
Assist in budget preparation and financial forecasting.
Handle payroll processing and tax compliance.
Monitor and analyze financial data to identify trends and opportunities for cost reduction.
Collaborate with other departments to ensure financial data accuracy.
Assist in audits and tax filings.","Maintain accurate financial records, including accounts payable and accounts receivable.","Full-time","Bachelor of Business Administration (BBA) in Finance, Accounting or CA","Age 26 to 35 years","Chattogram (Patenga)","Tk. 25000 - 35000 (Monthly)""jobTitle","category","companyName","vacancy","jobContext","jobDescription","employmentStatus","educationalReq","additionalReq","jobLocation","salary"
"Assistant Manager/Deputy Manager (Cost & Budget)","Accounting Finance","Matador Ballpen Industries","Not specific","Prepare Standard Costing.Deeply understanding BOM & overhead components.Variance analysis standard costing vs Actual costing.Determine process wise normal loss and abnormal loss.Capacity to analyze of all types of machineries & output.Able to prepare master budget, cash budget & flexible budget.Assist to Budget Variance Analysis, Bridging and Controlling.Analyzing monthly inventory report.Computation of overhead rate & prepare variance report.","Prepare Standard Costing.","Full-time","Masters/MBA in Accounting or Finance","Age 24 to 32 years","Dhaka","Negotiable""jobTitle","category","companyName","vacancy","jobContext","jobDescription","employmentStatus","educationalReq","additionalReq","jobLocation","salary"
"Project Accountant","Accounting Finance","Centre for Disability in Development (CDD)","01","The Centre for Disability in Development (CDD) is a not for profit organization established in 1996 to develop a more inclusive society for persons with disabilities. CDD simultaneously builds technical capacities of the development stakeholders and the communities in how to be more inclusive whilst also enabling persons with a disability to participate in society by strengthening their leadership and providing them with essential rehabilitation and other supports.
CDD is one of the most renowned organizations in the field of disability-inclusive development. CDD`s work in Bangladesh is supported by international and national donor agencies/development partners. CDD offers an inclusive, amicable, and respectable work environment.
The Ramon Magsaysay Award (Asian version of the Noble prize) has been awarded to its Executive Director in 2010. In 2018, CDD was recognized by the Government of Bangladesh as one of the best organizations working on disability and development issues.
CDD Office is now accepting applications for Monitoring, Evaluation, Accountability and Learning (MEAL) Officer.
CDD Office is now accepting applications for the Project of ""Ensuring the overall well-being and resilience of Rohingya and host community in a protected environment where children can learn and thrive"" Supported by AHP. The contract duration of the position is upto December 2023, high possibility to extend (subject to Fund availability and NGO Affairs Bureau Approval).","The Centre for Disability in Development (CDD) is a not for profit organization established in 1996 to develop a more inclusive society for persons with disabilities. CDD simultaneously builds technical capacities of the development stakeholders and the communities in how to be more inclusive whilst also enabling persons with a disability to participate in society by strengthening their leadership and providing them with essential rehabilitation and other supports.","Full-time, Contractual","Bachelor degree in Accounting, Finance or business background","Age at most 45 years","Cox's Bazar (Ukhia)","Tk. 60000 (Monthly)""jobTitle","category","companyName","vacancy","jobContext","jobDescription","employmentStatus","educationalReq","additionalReq","jobLocation","salary"
"Executive / Sr. Executive (Tax & VAT)","Accounting Finance","Rosh Ltd","Not specific","We are searching for a perceptive, creative Tax & VAT Officer to oversee our factory, showroom, import & export operations. The Tax & VAT Officer will train all the respective staff, develop, review and improve policies, systems and procedures and generally ensuring the Tax & VAT smoothly and efficiently.","Maintaining and recording of transactions in accounting systems;","Full-time","Bachelor of Business Administration (BBA) in Finance and Accounting, Master of Business Administration (MBA) in Finance and Accounting","Age 28 to 35 years","Anywhere in Bangladesh","Negotiable""jobTitle","category","companyName","vacancy","jobContext","jobDescription","employmentStatus","educationalReq","additionalReq","jobLocation","salary"
"Assistant Manager (Accounts & Finance)","Accounting Finance","DONGJIN GROUP","Not specific","Responsible for ensuring reconciling all bank accounts.
Supervise and monitoring the day-to-day activities of team members.
Cooperate and help audit team by providing information and documents for internal and external audit.
Monitoring all kinds of payment with banks.
Making Salary sheet, commission and others payment documents of the employee and deduct TDS as per ITO.
Maintain inter-office liaison in respect of legal concern and co-ordination with other relevant Courts, government offices, agencies or private entities relating to legal matters as and when required as per requirements of management of the Company.","Responsible for ensuring reconciling all bank accounts.","Full-time","Bachelor of Business Administration (BBA) in Accounting, Master of Business Administration (MBA) in Accounting","Age 25 to 30 years","Dhaka (Uttara)","Negotiable""jobTitle","category","companyName","vacancy","jobContext","jobDescription","employmentStatus","educationalReq","additionalReq","jobLocation","salary"
"Finance Officer","Accounting Finance","Research Initiatives, Bangladesh (RIB)","1","Job location: Dhaka and field areas","Responsible for financial reporting (monthly, quarterly and annually Financial statement and accounts) as per RIB & RLS guidelines","Full-time, Contractual","Graduation/Masters in Accounting/finance, CA CC Complete","Excellent oral and writing skill in English and Bangla.","Anywhere in Bangladesh","""jobTitle","category","companyName","vacancy","jobContext","jobDescription","employmentStatus","educationalReq","additionalReq","jobLocation","salary"
"Project Manager/ Project Accountant","Accounting Finance","Anondo Housing Society","Not specific","Ensuring project activities are being implemented following the agreed guidelines/ policies, within the timeline.
Taking actions to internalize project goals, objectives, activities, results and indicators.
Assisting the project management team in developing training modules/ guidelines/ technical papers.
Co-ordinate with relevant persons and organizations for the smooth implementation of the structural based activities and keep updated with the higher management.
Take action to complete the actions and ensure the sustainability of the structure through consultation with the community and other relevant authorities.
Checking and approving income and expenditure vouchers and monthly financial statement as per cash flow budget and properly advised to the Accounts Section.
Ensuring that the Financial Manual and Guidelines are followed to ensure good governance and accountability of resources received and utilized.
Preparing monthly and quarterly progress reports and submitting them to the Project Coordinator/ Manager on time.
Perform any other task assigned by the management on organization and project management.","Ensuring project activities are being implemented following the agreed guidelines/ policies, within the timeline.","Full-time","Masters degree in any discipline","Age 25 to 45 years","Anywhere in Bangladesh","As per organization policy.""jobTitle","category","companyName","vacancy","jobContext","jobDescription","employmentStatus","educationalReq","additionalReq","jobLocation","salary"
"Manager - Finance & Accounts","Accounting Finance","RedOrange Limited","Not specific","S/he will report to General Manager and will be responsible for the finance/account's day-to-day affairs
S/he should have good experience with accounting software like Tally ERP9, Xero, and Quick Book.
Overall responsibility of the Accounts & Finance
Ensure donor compliance issues to the project.
Prepare Financial Reports (Quarterly, Half Yearly, and Annually etc.)
Serve as the liaison to program teams as it relates to the financial management of the assigned Projects
Provide technical assistance to program staff to support the preparation of proposal budgets, annual project and sub-award budgets and budget modifications.
Prepare budget narratives for the proposal budget and ensure all budgets accurately cover the staff and operation costs reflected in the program narrative.
Prepare invoice, financial reports, accruals and other financial deliverables.
Ensure budget and other financial information is correctly represented in financial and project management system, also maintain the hard and electronic file for each project.
Support to prepare Financial Reports (Quarterly, Half Yearly, annually etc.) and submit to supervisor within the deadline.
Ensure the proper financial bookkeeping of all individual (development) projects.
Prepare periodic project financial report for the donor/client for all individual projects.
To support in running project activities smoothly & proper financial management coordination with project internal and external focal persons
Ensure compliance with Income Tax Ordinance 1984 and VAT return.
Maintain banking transaction.
Ensure updating the books of accounts on a regular basis.
Monitoring fund requests, and fund transfers for the Project.
Undertake day-to-day banking tasks and prepare monthly bank reconciliation statement.
Responsible for all accounts related book-keepings (Cash Book, Ledger, Cheque Register, Advance Register etc.) and also coordinate with Accounts team.
To ensure regular & periodical internal audit on the basis of pre & post and continues transactions.
To monitor & check over the inventory management.
Assessing how well the business is complying to rules and regulations and informing management whether any issue needs to be addressed in advance.
Any other job assigns by the RedOrange management.","S/he will report to General Manager and will be responsible for the finance/account's day-to-day affairs","Full-time","MBA/ M.com in Finance/ Accounting","Age 26 to 35 years","Dhaka (Banani)","Negotiable""jobTitle","category","companyName","vacancy","jobContext","jobDescription","employmentStatus","educationalReq","additionalReq","jobLocation","salary"
"Executive - LC Verification","Accounting Finance","Walton Hi-Tech Industries PLC.","7","Check & verify all documents comply with the terms and conditions of the Letter of Credit, Import procedure, international trade regulations, and company policies.
Pre-imported documents undergo thorough scrutiny together with historical data analysis for price assumptions from various comparative statements.
A comprehensive understanding of the conditions and terms of letters of credit provided by banks or other financial institutions.
Make sure that any documents submitted for verification are in compliance with the LC requirements, and deal with any differences as soon as they arise.
Review and confirm all the Bank proposals for new limits, limit enhancement, specific limits, L/C limits, nonfunded limits, takeover, and renewal.
Track and monitor every step of the shipping process, including the estimation of the time needed and the date of dispatch.
Conversant with Trade Finance Product's as well as UCP600, ISP98 and URR725.
Good understanding of various SWIFT message types.
Interconnect with exporters, shipping companies, and other pertinent parties to correct anomalies in documents and acquire any clarifications that are required.
To ensure efficient processing, communicate with internal divisions including SCM, Finance & Accounts, bill verification, and compliance.
Determine and evaluate any potential risks connected with the verification process, such as credit, legal, and compliance concerns and take the necessary steps to reduce these risks.
Responsible for Maintaining accurate records of all verified documents and transactions related to Foreign Purchase bill.
Cost optimization scope searching at every point.
Calculation of LC amendments (if necessary), late fees, actual payments, etc.
Analysis post import cost analysis, Variance, total import cost, unit cost, cost variance etc.  
Preparing LC Cost sheet, delay calculation, port demerge, shipping demerge, Debit note issue to supplier/adjust with payable amount and take approval from Reporting Supervisor and Managing Director after reaching the warehouse.
Comparing the quantity received to the purchase order or list, identifying any discrepancies or shortages, and issuing a debit note to the supplier or adjusting the payable amount
Continuously evaluate and improve the efficiency and effectiveness of the LC bill verification process.
Stay updated on changes in international trade regulations and banking practices.
Prepare regular reports on the status of LC bill verification processes, including performance metrics and compliance issues.
All individual LC files are updated in soft copy & Hard Copy.","Check & verify all documents comply with the terms and conditions of the Letter of Credit, Import procedure, international trade regulations, and company policies.","Full-time","M.Com/MBA/MBS in any discipline.","Age at least 23 years","Dhaka","Negotiable""jobTitle","category","companyName","vacancy","jobContext","jobDescription","employmentStatus","educationalReq","additionalReq","jobLocation","salary"
"Sr. Accounts Executive (VAT & TAX)","Accounting Finance","Fashion Group.","2","This is a corporate-based position & the Job Location will be Dhaka. The selected incumbents need to perform day to Accounts, VAT & TAX activities in selected departments and to be field movement due to accounts & collection purpose associates under the head office of the Company","Handle of all Tax & VAT related matters of the company.","Full-time","Master of Commerce (MCom)","Age 23 to 35 years","Anywhere in Bangladesh","As per company policy""jobTitle","category","companyName","vacancy","jobContext","jobDescription","employmentStatus","educationalReq","additionalReq","jobLocation","salary"
"Accounts Officer","Accounting Finance","SHEBA TRADE & EXPRESS LTD","02","Sheba Trade and Express Ltd. (ST Express) shipping service provider company and handling the thousands of parcels weekly all around the world. We also act as export vs. import business coordinator in the Bangladesh market.","Preparing and Maintaining daily basis Company's Account","Full-time","Minimum Bachelor degree in Accounting & Marketing Department","Age 20 to 40 years","Dhaka (Gulshan)","Negotiable""jobTitle","category","companyName","vacancy","jobContext","jobDescription","employmentStatus","educationalReq","additionalReq","jobLocation","salary"
"Executive/ Sr. Executive - Account & Finance","Accounting Finance","Aman Plastic Industries","Not specific","We are looking for a highly motivated and detail-oriented professional to join our accounting team. The candidate will be responsible for maintaining the company`s financial and accounting records.","To prepare and maintain Vouchers, Cash/Bank Book, Fixed Assets Register etc. timely for smooth operation of accounting system.","Full-time","Bachelor of Commerce (Accounting/Finance)/Masters in (Accounting/Finance) from reputed University with CA-CC/MBA in Accounting or Finance/ CIMA/ICM partly qualified is preferable.","Age 22 to 35 years","Dhaka","Negotiable""jobTitle","category","companyName","vacancy","jobContext","jobDescription","employmentStatus","educationalReq","additionalReq","jobLocation","salary"
"Assistant Manager/ Manager (Accounts & Finance)","Accounting Finance","DADA Group of Industries","Not specific","Prepare yearly and monthly Financial Statement.
Bank reconciliation statement for the company.
Balance confirmation of accounts receivable & party wise ageing.
Balance confirmation of accounts payable.
Properly recording of daily transaction (like sale, collection & voucher) to the accounting software Tally (Tally ERP-9 program based).
Prepare, examine, and analyze bills/invoices, vouchers, accounting records and other financial reports to assess accuracy, completeness, and conformance to reporting and procedural standards. Perform entries to proper accounts.
To maintain & upgrade/update various Accounts related register in time in regular basis.
Perform on monthly internal Audit.
IDBP Loan, LTR, CC Loan & Export proceed realization monitor and recording to the accounting Software.
Any other Jobs assigned as and when required.","Prepare yearly and monthly Financial Statement.","Full-time","Master of Commerce (MCom) in Accounting","Age 30 to 45 years","Dhaka","Negotiable""jobTitle","category","companyName","vacancy","jobContext","jobDescription","employmentStatus","educationalReq","additionalReq","jobLocation","salary"
"Accountant","Accounting Finance","Hasan International","01","Closely monitor and operate all payments and expenditure
Preparing and maintaining cheque register, asset register and Vat & Tax register etc.
Individual must be able to examine and prepare all journal vouchers and other documents related with accounts
Preparing and maintaining all the vouchers and bills requisition timely
Manage petty cash and verify the bill voucher of petty cash expenses
Identify variances in actual expenditure and the budget
Prepare financial report & budget variance report as per need
Any other responsibilities assigned by the Management","Closely monitor and operate all payments and expenditure","Full-time","Bachelor of Business Administration (BBA) in Major in Accounting, Master of Business Administration (MBA) in Major in Accounting.","Age at least 25 years","Dhaka (Wari)","Negotiable""jobTitle","category","companyName","vacancy","jobContext","jobDescription","employmentStatus","educationalReq","additionalReq","jobLocation","salary"
"Internal Auditor","Accounting Finance","Micro Fibre Group","04","We are looking for dedicated, pro-active and qualified internal auditor (Audit Department) for Micro Fibre Group (Fatullah, Vulta, Kaliakor and Corporate Office).","Should be through with Accounting Standards.","Full-time","Bachelor of Commerce (BCom) in Accounting, Bachelor of Business Administration (BBA) in Accounting, Master of Commerce (MCom) in Accounting, Master of Business Administration (MBA) in Accounting","Age 24 to 28 years","Dhaka (GULSHAN 2), Gazipur (Kaliakair), Narayanganj (Fatullah, Rupganj)","Tk. 20000 - 25000 (Monthly)""jobTitle","category","companyName","vacancy","jobContext","jobDescription","employmentStatus","educationalReq","additionalReq","jobLocation","salary"
"Accounts Officer","Accounting Finance","Hasan Marine Service","Not specific","Maintain accurate financial records, including accounts payable and accounts receivable.
Reconcile bank statements and ensure all transactions are accounted for.
Prepare financial reports, including balance sheets, income statements, and cash flow statements.
Assist in budget preparation and financial forecasting.
Handle payroll processing and tax compliance.
Monitor and analyze financial data to identify trends and opportunities for cost reduction.
Collaborate with other departments to ensure financial data accuracy.
Assist in audits and tax filings.","Maintain accurate financial records, including accounts payable and accounts receivable.","Full-time","Bachelor of Business Administration (BBA) in Finance, Accounting or CA","Age 26 to 35 years","Chattogram (Patenga)","Tk. 25000 - 35000 (Monthly)""jobTitle","category","companyName","vacancy","jobContext","jobDescription","employmentStatus","educationalReq","additionalReq","jobLocation","salary"
"Relationship Manager/ Senior Relationship Manager, Liability Department","Accounting Finance","CVC Finance Limited","Not specific","CVC Finance Limited, The innovative and the most professional Financial Institution licensed by Bangladesh Bank focusing on promoting access to finance, sustainable green growth, entrepreneurship through technology led innovations. Currently CVC Finance Limited is looking for young, energetic, seasoned & professionals for the following position:
Reports to :	Head of Liability
Location    :	Corporate Head Office, Dhaka
Nature       :	Temporary Basis  
Position Summary	The incumbent should have sound knowledge of Sales & Marketing and Business developmen. He/She must have a wide network of relationship in the financial sector. Strong negotiation and communication skills are also required.","CVC Finance Limited, The innovative and the most professional Financial Institution licensed by Bangladesh Bank focusing on promoting access to finance, sustainable green growth, entrepreneurship through technology led innovations. Currently CVC Finance Limited is looking for young, energetic, seasoned & professionals for the following position:","Full-time","Master's / Post Graduation in Business discipline from any reputed university.","Both males and females are allowed to apply","Dhaka","Competitive salary will be provided to the deserving candidate.""jobTitle","category","companyName","vacancy","jobContext","jobDescription","employmentStatus","educationalReq","additionalReq","jobLocation","salary"
"Officer Vat & Tax","Accounting Finance","A 100% export oriented multinational garments Manufacturing Company","01","A 100% export oriented multinational garments manufacturing company located in CEPZ is looking for -""OFFICER"" VAT & TAX","The candidate must be able to handle all VAT & Tax related works of the company independently in a timely manner","Full-time","Bachelor in Accounting or Finance from a reputed university.","Age at most 35 years","Chattogram (Chittagong Epz)","Negotiable""jobTitle","category","companyName","vacancy","jobContext","jobDescription","employmentStatus","educationalReq","additionalReq","jobLocation","salary"
"Assistant Manager - Accounts","Accounting Finance","Kazi Farms Group","Not specific","Ensure the smooth functioning of the overall accounting operations of the farm, hatchery, and sales office as per company policy.
Prepare and maintain accounting transactions records, creditors and debtors control, and other related accounting activities.
Responsible for managing cash operations, such as: expenses payable, maintenance of maximum and minimum balances, cash verification and recording, etc.
Analyze and prepare a weekly and monthly operation budget and provide a fund requisition.
Implement procedures for custody and control of fixed assets by maintaining records in the register and verifying physical stock.
Ensure store operation is fully functional in its capacity and capable of providing the required support for raw materials and spare parts needs.
Drive and provide a basic understanding of the safety standards of stored items to all staff in the warehouse and ensure adherence to safety guidelines.
Prepare all kinds of accounting and financial summary reports required by management.","Ensure the smooth functioning of the overall accounting operations of the farm, hatchery, and sales office as per company policy.","Full-time","Masters in Accounting/Finance from reputed university with CA(CC).","The post holder will be expected to:","Rangpur","Remuneration will be offered depending upon the profile of the candidate.""jobTitle","category","companyName","vacancy","jobContext","jobDescription","employmentStatus","educationalReq","additionalReq","jobLocation","salary"
"ACCOUNTANT (MALE)","Accounting Finance","একটি স্বনামধন্য ও সুপ্রতিষ্ঠিত শিপিং ও লজিস্টিক কোম্পানি","Not specific","একটি স্বনামধন্য ও সুপ্রতিষ্ঠিত শিপিং কোম্পানিতে নিম্ন লিখিত পদে কিছু সংখ্যক লোক নিয়োগ করা হবে।","","Full-time","CA-CC","Age at most 45 years","চট্টগ্রাম","Negotiable""jobTitle","category","companyName","vacancy","jobContext","jobDescription","employmentStatus","educationalReq","additionalReq","jobLocation","salary"
"Asst.Officer-Accounts & Finance","Accounting Finance","Youngone Materials","Not specific","We are seeking confident applicant for Accounts & Finance","Assist in conducting all banking related tasks, regular communications and maintaining all bank transactions","Full-time","Master of Commerce (MCom) in Accounting","Age 25 to 32 years","Chattogram","Negotiable""jobTitle","category","companyName","vacancy","jobContext","jobDescription","employmentStatus","educationalReq","additionalReq","jobLocation","salary"
"Sr. Executive- Accounts & Finance","Accounting Finance","Good and Fast Packaging Co. Ltd.","Not specific","We are looking for an astute & energetic and detail-oriented professional Sr. Executive to join our accounting team. As a Sr. Executive, the candidate will be responsible for overseeing various accounting functions, including financial reporting, reconciliations and compliance with accounting standards.","We are looking for an astute & energetic and detail-oriented professional Sr. Executive to join our accounting team.","Full-time","Bachelor of Business Administration (BBA) in Accounting or Finance","Age at least 24 years","Anywhere in Bangladesh","Negotiable""jobTitle","category","companyName","vacancy","jobContext","jobDescription","employmentStatus","educationalReq","additionalReq","jobLocation","salary"
"General Manager- Head of Internal Audit","Accounting Finance","Deshbandhu Group","Not specific","Policy assurance: Policies which are approved by competent authorities are being complied.Quality assurance: Quality assurance parameters are maintained across the processes, functions and group organizations.Prepare Audit plan, SOP and implementation across the group accordingly.Contribution in good governance across the group.Review organizational policy to achieve value for money and the prevention and detection of fraud and corruption.Provide advice on proposed developments such as major new systems and proposed initiatives to help ensure risks are properly identified and evaluated and appropriate controls built in.Plan and conduct audit to assess internal control in operation, analyzing existing controls and recommends controlling in specific organization systems.Identify instances of over and under control and provide management with a clear articulation of residual risksPerform and control the full audit cycle including risk management and control management over operations effectiveness, financial reliability and compliance with all applicable directives and regulationsDetermine internal audit scope and develop annual plans consultation with the managementObtain, analyze and evaluate accounting documentation, previous reports, data, flowcharts etcPrepare and present reports that reflect audit results and document processAct as an objective source of independent advice to ensure validity, legality and goal achievementIdentify loopholes and recommend risk aversion measures and cost savingsMaintain open communication with management and audit committeeDocument process and prepare audit findings memorandumConduct follow up audits to monitor management interventionsEngage to continuous knowledge development regarding sector rules, regulations, best practices, tools, techniques and performance standardsPerform any other responsibilities as per instruction by the management.","Policy assurance: Policies which are approved by competent authorities are being complied.","Full-time","B. Com (Hons), M. Com. (Accounts/ Finance) with CA (Inter)/CA (CC)","Age 30 to 47 years","Dhaka (Banani)","Negotiable"