"jobTitle","category","companyName","vacancy","jobContext","jobDescription","employmentStatus","educationalReq","additionalReq","jobLocation","salary"
"জুনিয়র ইনস্ট্রাক্টর (নন টেক)","Education Training","রংপুর ইনস্টিটিউট অব টেকনোলজি(RIT)","4","রংপুর ইনস্টিটিউট অব টেকনোলজি (RIT), রংপুর এ ম্যাথমেটিক্স, ফিজিক্স, কেমিস্ট্রি ও ইংরেজি বিষয়ে  জুনিয়র ইন্সট্রাকটর (নন টেক) জরুরী ভিত্তিতে নিয়োগ দেওয়া হবে।","","Full-time","স্বীকৃত বিশ্ব বিদ্যালয় থেকে সংশ্লিষ্ট বিষয়ে স্নাতকোত্তর ডিগ্রী।","Age at least 25 years","রংপুর (রংপুর সদর)","Negotiable""jobTitle","category","companyName","vacancy","jobContext","jobDescription","employmentStatus","educationalReq","additionalReq","jobLocation","salary"
"প্রভাষক","Education Training","Holy Land College, Dinajpur","12","স্ব-অর্থায়নে পরিচালিত, উত্তরাঞ্চলে ১ম শীতাতপ নিয়ন্ত্রিত প্রযুক্তিসমৃদ্ধ ডিজিটাল কলেজ, দিনাজপুর। গণিত, রসায়ন, পদার্থ, জীববিজ্ঞান (উদ্ভিদ বিজ্ঞান-০২, প্রাণী-০১) প্রতি বিষয়ে ০৩ জন প্রভাষক নিয়োগ দেওয়া হবে।","","Full-time","SSC ও HSC পরীক্ষায় কমপক্ষে জিপিএ - ৩.৫০। সংশ্লিষ্ট বিষয়ে অনার্স ও মাস্টার্স - এ কমপক্ষে সিজিপিএ ২.৫০। মাস্টার্সের চূড়ান্ত ফলপ্রার্থীগণও আবেদন করতে পারবেন।","Age at most 40 years","দিনাজপুর (দিনাজপুর সদর)","বেতন: ২৫,৫০০/- ( বেসিক: ২২,০০০ + বাড়ি ভাড়া: ৩,০০০ + মেডিকেল: ৫০০)
এছাড়াও `ইভিনিং স্টাডি প্রোগ্রাম, সুপারভাইজারি স্টাডি প্রোগ্রাম এবং হোস্টেল ভিজিট` বিল।""jobTitle","category","companyName","vacancy","jobContext","jobDescription","employmentStatus","educationalReq","additionalReq","jobLocation","salary"
"Senior Class Teacher","Education Training","American Standard International School","5","Prepare lesson plans and implement effective strategies to develop independent learners and help to progressively challenge learning.
Prepare questions and assessments to appropriately evaluate and promote continuous intellectual development of students.
Mentor, guide and help students and act as a mediator and communicator with parents
Prepare report cards, conduct parent meetings and prioritize the child's best interests.","Prepare lesson plans and implement effective strategies to develop independent learners and help to progressively challenge learning.","Full-time","Bachelor Degree (Masters preferred).","Age 25 to 45 years","Dhaka (GULSHAN 2)","Negotiable""jobTitle","category","companyName","vacancy","jobContext","jobDescription","employmentStatus","educationalReq","additionalReq","jobLocation","salary"
"Monitoring Officer, BRAC Education Programme (Project Staff)","Education Training","BRAC","Not specific","The position is responsible for the project of Advocacy for Play, Early Learning & Socio-emotional Development in Bangladesh managing and implementing monitoring works as per plan and procedures, data quality, timely data collection, and reporting. The position also develops monitoring tools as per requirement of the program and conducts urgent works for assisting programs and support functions for activity/ output/ outcome monitoring.","Participate in strategic planning of Monitoring and Evaluation Unit.","Contractual","Master Degree in Statistics or Social Science from any reputed university.","Age at least 24 years","Dhaka","Negotiable""jobTitle","category","companyName","vacancy","jobContext","jobDescription","employmentStatus","educationalReq","additionalReq","jobLocation","salary"
"Chemistry Teacher","Education Training","Australian International School  (AusIS)","Not specific","Under the Direct Supervision of Coordinator, the incumbent is required to discharge following duties: Implements instructional activities that contribute to a climate where students are actively engaged in meaningful learning experiences:
Implements instructional activities that contribute to a climate where students are actively engaged in meaningful learning experiences.
Identifies, selects, and modifies instructional resources to meet the needs of the students with varying backgrounds, learning styles, and special needs.
Assists in assessing changing curricular needs and offers plans for improvement.
Maintains effective and efficient record keeping procedures.
Provides a positive environment in which students are encouraged to be actively engaged in the learning process.
Communicates effectively, both orally and in writing, with students, parents, and other professionals on a regular basis.
Collaborates with peers to enhance the instructional environment.
Models professional and ethical standards when dealing with students, parents, peers, and community.
Ensures that student growth and achievement is continuous and appropriate for age group, subject area, and/or program classification.
Establishes and maintains cooperative working relationships with students, parents, and schools.
Assumes responsibility for meeting his/her course and school-wide student performance goals.
Demonstrates gains in student performance.
Participates in training and presentations pertaining to professional development.
Meets professional obligations through efficient work habits such as: meeting deadlines, honoring schedules, coordinating.
All work responsibilities are subject to having performance goals and/or targets established as part of the annual performance planning process or as the result.
Performs other duties and responsibilities as assigned.","Under the Direct Supervision of Coordinator, the incumbent is required to discharge following duties: Implements instructional activities that contribute to a climate where students are actively engaged in meaningful learning experiences:","Full-time","Bachelor / Honors and Masters in Chemistry from an accredited institution in the related field.","Age 28 to 50 years","Dhaka","Negotiable""jobTitle","category","companyName","vacancy","jobContext","jobDescription","employmentStatus","educationalReq","additionalReq","jobLocation","salary"
"Officer, Human Resources","Education Training","University Of Liberal Arts Bangladesh","1","ULAB HR office is seeking to appoint a passionate, driven and creative individual who will provide effective support to the day to day HR activities including but not limited to Recruitment, HR operations and Services etc. The position demands a high level of integrity and maintenance of confidential documents.","Assist in Recruitment, selection, and joining of the newly joined employees.","Full-time","Bachelors from any reputed university, preferably BBA degree","Age 22 to 30 years","Dhaka","Negotiable""jobTitle","category","companyName","vacancy","jobContext","jobDescription","employmentStatus","educationalReq","additionalReq","jobLocation","salary"
"English Teacher - Literature & Language (STD III - VI)","Education Training","Yale International School","02","Prepare lesson plans, lecture materials and actively involve in developing curriculum.Evaluate students' assignments and written works.All academic responsibilities related to students' exam, parents dealing and other duties as the position requires. Active participation in School events.","Prepare lesson plans, lecture materials and actively involve in developing curriculum.","Full-time","Bachelor of Arts (BA)","Age 25 to 35 years","Dhaka","Negotiable""jobTitle","category","companyName","vacancy","jobContext","jobDescription","employmentStatus","educationalReq","additionalReq","jobLocation","salary"
"হোস্টেল সুপার","Education Training","Feni Private Hospital & Laparoscopy Institute","01","কর্মস্থল :  কুইন্স নার্সিং কলেজ, ফেনী সদর ফেনী।","Maintain the hostel facilities in proper working order","Full-time","Bachelor degree in any discipline","Age 30 to 45 years","ফেনী (ফেনী সদর)","Negotiable""jobTitle","category","companyName","vacancy","jobContext","jobDescription","employmentStatus","educationalReq","additionalReq","jobLocation","salary"
"Science Teacher VII-VIII (Physics, Chemistry)","Education Training","Scholastica  Limited","01","Conduct Science classes (Physics, Chemistry) for VII-VIII level.
Prepare lesson plans, lecture materials and actively involve in developing curriculum
Evaluate students' assignments and written works.
All academic responsibilities related to students exam, parents dealing and other duties as the position requires.","Conduct Science classes (Physics, Chemistry) for VII-VIII level.","Full-time","M.Sc or B.Sc in Science concentration in Physics/ Chemistry is required from a recognized university with CGPA 3 and above.","Age 23 to 45 years","Dhaka","Negotiable""jobTitle","category","companyName","vacancy","jobContext","jobDescription","employmentStatus","educationalReq","additionalReq","jobLocation","salary"
"Lab Assistant for Electrical and Electronic Engineering (EEE)","Education Training","Northern University of Business & Technology, Khulna","Not specific","Maintenance and operation of lab equipment.Assisting students in project related activities.Assisting lab instructor.Documentation for lab equipment and lab manuals etcAny other duties and responsibilities assigned by the University Management.","Maintenance and operation of lab equipment.","Full-time","Diploma in Electrical, Electronics Technology","Age at most 30 years","Khulna (Khulna Sadar)","Negotiable""jobTitle","category","companyName","vacancy","jobContext","jobDescription","employmentStatus","educationalReq","additionalReq","jobLocation","salary"
"PYP Bangla Teacher","Education Training","Australian International School  (AusIS)","Not specific","Implements instructional activities that contribute to a climate where students are actively engaged in meaningful learning experiences.  
Identifies, selects, and modifies instructional resources to meet the needs of the students with varying backgrounds, learning styles, and special needs. 
Assists in assessing changing curricular needs and offers plans for improvement. 
Maintains effective and efficient record keeping procedures. 
Provides a positive environment in which students are encouraged to be actively engaged in the learning process. 
Communicates effectively, both orally and in writing, with students, parents, and other professionals on a regular basis. 
Collaborates with peers to enhance the instructional environment. 
Models professional and ethical standards when dealing with students, parents, peers, and community. 
Ensures that student growth and achievement is continuous and appropriate for age group, subject area, and/or program classification. 
Establishes and maintains cooperative working relationships with students, parents, and schools.
Assumes responsibility for meeting his/her course and school-wide student performance goals. 
Demonstrates gains in student performance. 
Participates in training and presentations pertaining to professional development. 
Meets professional obligations through efficient work habits such as: meeting deadlines, honoring schedules, coordinating. 
All work responsibilities are subject to having performance goals and/or targets established as part of the annual performance planning process or as the result.
Performs other duties and responsibilities as assigned.","Implements instructional activities that contribute to a climate where students are actively engaged in meaningful learning experiences.","Full-time","Bachelor / Honors and Masters in Bangla from an accredited institution in the related field.","Age 25 to 50 years","Dhaka","Negotiable""jobTitle","category","companyName","vacancy","jobContext","jobDescription","employmentStatus","educationalReq","additionalReq","jobLocation","salary"
"জুনিয়র ইনস্ট্রাক্টর(কম্পিউটার)","Education Training","RANGPUR INSTITUTE OF TECHNOLOGY(RIT)","3","রংপুর ইনস্টিটিউট অব টেকনোলজি (RIT), রংপুর এ জুনিয়র ইনস্ট্রাক্টর(কম্পিউটার) জরুরী ভিত্তিতে নিয়োগ দেওয়া হবে।","","Full-time","সংশ্লিষ্ট বিষয়ে ডিপ্লোমা-ইন-ইঞ্জিনিয়ারিং।","Age at least 25 years","রংপুর (রংপুর সদর)","Negotiable""jobTitle","category","companyName","vacancy","jobContext","jobDescription","employmentStatus","educationalReq","additionalReq","jobLocation","salary"
"Registrar","Education Training","Feni University (FU)","Not specific","Department: Office of the Registrar.
We are seeking a self-motivated, proactive, and dynamic individual for the position of Registrar in the Office of the Registrar at Feni University.","Department: Office of the Registrar.","Full-time","First-class honors or equivalent in Bachelor's and Master's degrees in any discipline or a Ph.D./M.Phil. Degree from a reputable university.","Minimum 10 to 15 years of professional experience, preferably in a University level.","Feni","As per FU pay Scale.""jobTitle","category","companyName","vacancy","jobContext","jobDescription","employmentStatus","educationalReq","additionalReq","jobLocation","salary"
"PYP LIBRARIAN","Education Training","Australian International School  (AusIS)","01","Demonstrate a current understanding of curriculum across MYP, DP, WACE, and curriculum initiatives at AusIS;
Guide students and teachers in their reading choices;
Maintain and update the digital library system;
Responsible for the overall management of the Library;
Linkage for new resources and maintain current resources;
Maintain full and working knowledge of library software;
Ensure Current Awareness Service (CAS);
Assist students in selecting and referencing materials for the task ahead;
Making the library engaged in using media programmes;
Providing a supporting role to the IB MYP and DP programme for personal learning and projects;
Promote the use of the library for whole-school teaching and learning; 
Ensure books and resources are well organized and up to date; 
Planning and deploying library-based lessons; 
Have clear policies and procedures that are updated in the library;
Establish behavioral standards in the library;
Ensure the library is clean and tidy and is a safe learning environment; 
Have an insight into budgeting for the library; 
Attend staff meetings and work closely with the senior management team; 
Promote the library resources and reading by inviting authors, organizing book weeks;
Use selection tools / reviewing journals to keep informed about current children's literature
Provide informal one-on-one support to teachers regarding resources in a variety of formats and strategies for their use;
Work with Coordinators, class teachers, and specialist teachers to support curriculum innovations at AusIS;
Maintain a collection of current professional resources for teachers including
online access to journals;
Follow AusIS procedures for circulation and the processing of new resources;
Work with the other AusIS Teacher-librarian to create a Collection;
Use reviewing journals to keep up-to-date on new titles;
Identify gaps in the collection for new purchases and replacement;
Identify gaps in the collection and select resources accordingly;
Prepare resource orders;
Indexing using technology; 
Manage inventory system;
Comfortable with handling audio-visual materials;
Organize Book Week and Book Fair
Conduct the library classes;
Prepares lesson plan and daily plan according to the theme;
Knows the learning capabilities of individual students;
Provides individual and collaborative learning opportunities;
Uses DOTT time efficiently for a planning meetings with parents and administrative tasks;
Assess the children's reading level by doing the running record;
Run the reading intervention program;","Demonstrate a current understanding of curriculum across MYP, DP, WACE, and curriculum initiatives at AusIS;","Full-time","Bachelor/Honors with Master's degree in Library Science from a reputed university;","Age at least 28 years","Dhaka","NegotiablePresent and Expected salary must be mentioned in the CV""jobTitle","category","companyName","vacancy","jobContext","jobDescription","employmentStatus","educationalReq","additionalReq","jobLocation","salary"
"Sr. Digital Marketing Officer","Education Training","IIST Polytechnic Institute","2","We are looking to hire an experienced Digital Marketing & specialist to help drive the company`s online / Offline. In the position the candidate will be  involved in developing digital marketing strategies, implementing digital Marketing & Admission Plans and creative planning and execution of all the digital marketing campaigns, including good knowledge of Graphics Design, Video editing & Marketing areas.","Managing the Company's social media accounts, social media platform Facebook (Pages & group), Instagram, Google, YouTube & LinkedIn to manage digital marketing campaign, develop relevant content and regularly maintain to reach the company admission target.","Full-time","Bachelor degree in any discipline, Masters degree in any discipline","Age 24 to 35 years","Dhaka (Mirpur 10)","Negotiable""jobTitle","category","companyName","vacancy","jobContext","jobDescription","employmentStatus","educationalReq","additionalReq","jobLocation","salary"
"Lab Assistant for Electrical and Electronic Engineering (EEE)","Education Training","Northern University of Business & Technology, Khulna","Not specific","Maintenance and operation of lab equipment.Assisting students in project related activities.Assisting lab instructor.Documentation for lab equipment and lab manuals etcAny other duties and responsibilities assigned by the University Management.","Maintenance and operation of lab equipment.","Full-time","Diploma in Electrical, Electronics Technology","Age at most 30 years","Khulna (Khulna Sadar)","Negotiable""jobTitle","category","companyName","vacancy","jobContext","jobDescription","employmentStatus","educationalReq","additionalReq","jobLocation","salary"
"Officer, Human Resources","Education Training","University Of Liberal Arts Bangladesh","1","ULAB HR office is seeking to appoint a passionate, driven and creative individual who will provide effective support to the day to day HR activities including but not limited to Recruitment, HR operations and Services etc. The position demands a high level of integrity and maintenance of confidential documents.","Assist in Recruitment, selection, and joining of the newly joined employees.","Full-time","Bachelors from any reputed university, preferably BBA degree","Age 22 to 30 years","Dhaka","Negotiable""jobTitle","category","companyName","vacancy","jobContext","jobDescription","employmentStatus","educationalReq","additionalReq","jobLocation","salary"
"Content Writer & Editor (Social Media)","Education Training","Western Education Group","20","Work at Home","Writing contents for social media audiences and readers","Full-time, Part-time","Bachelor degree in any discipline","Age 21 to 65 years","Anywhere in Bangladesh","Tk. 20000 - 20500 (Monthly)Full-time employees will get 20,000 Taka per month. Part-time employees will get 10,000 Taka per month.""jobTitle","category","companyName","vacancy","jobContext","jobDescription","employmentStatus","educationalReq","additionalReq","jobLocation","salary"
"সহকারী শিক্ষক/ শিক্ষিকা ( ইংরেজী ও গনিত)","Education Training","মোল্লা সল্ট ফাউন্ডেশন","2","মুন্সিগঞ্জ জেলার সদর উপজেলার ঐতিহ্যবাহী মিরকাদিম পৌরসভার কেন্দ্রস্থলে মোল্লা সল্ট ফাউন্ডেশন কর্তৃক পরিচালিত সম্পূর্ণ নিজস্ব অর্থায়নে পরিচালিত আধুনিক বিদ্যালয়ে শিক্ষাকার্যক্রম পরিচালনার জন্য ইংরেজী ও গনিত বিষয়ে শিক্ষক/ শিক্ষিকা নিয়োগ করা হবে।","","Full-time","3 to 5 year(s)","Age 30 to 45 years","মুন্সিগঞ্জ, মুন্সিগঞ্জ (মুন্সীগঞ্জ সদর)","Negotiable""jobTitle","category","companyName","vacancy","jobContext","jobDescription","employmentStatus","educationalReq","additionalReq","jobLocation","salary"
"Teacher","Education Training","Jobeda Matin Girls school and college","Not specific","Ref: JMGSC/ Teachers Recruitment-02/ 2023.Four teachers for each subject- Mathematics, Science and English Language &  literature. Total of 12 Teachers.","Ref: JMGSC/ Teachers Recruitment-02/ 2023.","Full-time","At least 4 year(s)","Minimum 4 years bachelor with honors in relevant subject & if have Masters it will be considered as preference.","Chandpur","Monthly salary 20,000 taka  and house allowance at actual.""jobTitle","category","companyName","vacancy","jobContext","jobDescription","employmentStatus","educationalReq","additionalReq","jobLocation","salary"
"হোস্টেল সুপার","Education Training","Feni Private Hospital & Laparoscopy Institute","01","কর্মস্থল :  কুইন্স নার্সিং কলেজ, ফেনী সদর ফেনী।","Maintain the hostel facilities in proper working order","Full-time","Bachelor degree in any discipline","Age 30 to 45 years","ফেনী (ফেনী সদর)","Negotiable""jobTitle","category","companyName","vacancy","jobContext","jobDescription","employmentStatus","educationalReq","additionalReq","jobLocation","salary"
"PTE Trainer / Instructor","Education Training","Luminedge Ltd","1","Conduct PTE classes.
Plan, prepare, and deliver lessons in high-quality PTE training sessions.
Create course materials and study guides in both print and digital formats.
Help participants improve their listening, speaking, reading, and writing skills in individual and group sessions.
Assign homework and interesting exercises.
Monitor and evaluate the classwork and homework, and update the progress of students.
Prepare the syllabus in accordance with the modules.","Conduct PTE classes.","Full-time","Bachelor Degree in any discipline.","Age 24 to 35 years","Dhaka (Dhanmondi)","Negotiable""jobTitle","category","companyName","vacancy","jobContext","jobDescription","employmentStatus","educationalReq","additionalReq","jobLocation","salary"
"Teaching Assistant, Performing Arts","Education Training","International School Dhaka","01","The Teaching Assistant (TA) has a supportive role in the performance art classrooms. The TA works together with the Teacher and Head of Department to create, uphold, and stimulate a learning environment that invites the students to learn and grow both academically and socially.","Assist in ensuring a physically and emotionally safe environment for students through positive framing, kind communication with students and adults, and predictable, consistent routines;","Full-time","Bachelor degree in any discipline","Age 25 to 33 years","Anywhere in Bangladesh","Negotiable""jobTitle","category","companyName","vacancy","jobContext","jobDescription","employmentStatus","educationalReq","additionalReq","jobLocation","salary"
"Consultant","Education Training","NR Consultancy","2","As a Student Consultant at NR Consultancy, you will play a pivotal role in advising and guiding students through the process of studying abroad. You will work closely with prospective students and their families to understand their educational aspirations and provide tailored advice on suitable study destinations, courses, and institutions. 
This is a Full time and Permanent Position.","As a Student Consultant at NR Consultancy, you will play a pivotal role in advising and guiding students through the process of studying abroad. You will work closely with prospective students and their families to understand their educational aspirations and provide tailored advice on suitable study destinations, courses, and institutions.","Full-time","HSC in Science, Business, Arts","Age 18 to 45 years","Dhaka (60 Feet, Agargaon, Mirpur 1, Shaymoli, Sher-e-Bangla Nagar)","NegotiableSuccessful applicants will get commission.""jobTitle","category","companyName","vacancy","jobContext","jobDescription","employmentStatus","educationalReq","additionalReq","jobLocation","salary"
"Professor - Department of EEE","Education Training","Z. H. Sikder University of Science and Technology, Shariatpur","1","Position: Professor in the Department of Electrical & Electronic Engineering at Z. H. Sikder University of Science and Technology, Shariatpur.","","Full-time","Candidates possessing Ph. D degree or equivalent degree should have an active service of 14 years in the University of which 5 years must be as Associate Professor;","Aspen plus, Aspen Hysis, Origin, Matlab, Computer operation skill, proficiency in English, dedication to work, and willingness to work in rural area.","Shariatpur (Bhedarganj)","Negotiable""jobTitle","category","companyName","vacancy","jobContext","jobDescription","employmentStatus","educationalReq","additionalReq","jobLocation","salary"
"Senior Student Counselor (Australia)","Education Training","Pinnacle Consultancy Group","Not specific","The role of a study abroad counselor is to provide guidance and support to students who are interested in pursuing higher education in Australia. This includes counseling students on Australia, courses, universities, and programs, as well as career planning. Counselors also ensure that admission and visa procedures are completed within deadlines and provide accurate information about study abroad programs, courses, colleges, and universities. They should be able to answer any questions that students or parents may have and clarify any doubts about the application process. Counselors should also be able to judge the suitability of a candidate for a particular course or university and provide guidance accordingly. Finally, they should be comfortable promoting Pinnacle Consultancy Group`s abroad programs to students and parents in a professional manner.","Counsel students regarding overseas education opportunities, such as country, course, university, and program selection, and career planning. (Australia)","Full-time","Bachelor degree in any discipline","Age at least 27 years","Dhaka (PanthaPath)","Negotiable""jobTitle","category","companyName","vacancy","jobContext","jobDescription","employmentStatus","educationalReq","additionalReq","jobLocation","salary"
"Science Teacher VII-VIII (Physics, Chemistry)","Education Training","Scholastica  Limited","01","Conduct Science classes (Physics, Chemistry) for VII-VIII level.
Prepare lesson plans, lecture materials and actively involve in developing curriculum
Evaluate students' assignments and written works.
All academic responsibilities related to students exam, parents dealing and other duties as the position requires.","Conduct Science classes (Physics, Chemistry) for VII-VIII level.","Full-time","M.Sc or B.Sc in Science concentration in Physics/ Chemistry is required from a recognized university with CGPA 3 and above.","Age 23 to 45 years","Dhaka","Negotiable""jobTitle","category","companyName","vacancy","jobContext","jobDescription","employmentStatus","educationalReq","additionalReq","jobLocation","salary"
"Associate Professor - Department of EEE","Education Training","Z. H. Sikder University of Science and Technology, Shariatpur","1","Position: Associate Professor in the Department of Electrical & Electronic Engineering at Z. H. Sikder University of Science and Technology, Shariatpur.","","Full-time","Candidates possessing a Ph.D. or equivalent degree must have an active service of 10 years of which 5 years as Assistant Professor; or","IT skill, proficiency in English, dedication to work, and willingness to work in rural area.","Shariatpur (Bhedarganj)","Negotiable""jobTitle","category","companyName","vacancy","jobContext","jobDescription","employmentStatus","educationalReq","additionalReq","jobLocation","salary"
"Sr. Digital Marketing Officer","Education Training","IIST Polytechnic Institute","2","We are looking to hire an experienced Digital Marketing & specialist to help drive the company`s online / Offline. In the position the candidate will be  involved in developing digital marketing strategies, implementing digital Marketing & Admission Plans and creative planning and execution of all the digital marketing campaigns, including good knowledge of Graphics Design, Video editing & Marketing areas.","Managing the Company's social media accounts, social media platform Facebook (Pages & group), Instagram, Google, YouTube & LinkedIn to manage digital marketing campaign, develop relevant content and regularly maintain to reach the company admission target.","Full-time","Bachelor degree in any discipline, Masters degree in any discipline","Age 24 to 35 years","Dhaka (Mirpur 10)","Negotiable""jobTitle","category","companyName","vacancy","jobContext","jobDescription","employmentStatus","educationalReq","additionalReq","jobLocation","salary"
"Senior Class Teacher","Education Training","American Standard International School","5","Prepare lesson plans and implement effective strategies to develop independent learners and help to progressively challenge learning.
Prepare questions and assessments to appropriately evaluate and promote continuous intellectual development of students.
Mentor, guide and help students and act as a mediator and communicator with parents
Prepare report cards, conduct parent meetings and prioritize the child's best interests.","Prepare lesson plans and implement effective strategies to develop independent learners and help to progressively challenge learning.","Full-time","Bachelor Degree (Masters preferred).","Age 25 to 45 years","Dhaka (GULSHAN 2)","Negotiable""jobTitle","category","companyName","vacancy","jobContext","jobDescription","employmentStatus","educationalReq","additionalReq","jobLocation","salary"
"প্রভাষক","Education Training","Afajuddin Memorial School & College","04","অত্র প্রতিষ্ঠানের কলেজ শাখায় নিম্ন বর্ণিত পদে নিয়োগের জন্য বাংলাদেশী নাগরিকদের নিকট হতে দরখাস্ত আহবান করা যাচ্ছে। 
বাংলা ০২ 
গণিত ০১
ইংরেজি ০১","অত্র প্রতিষ্ঠানের কলেজ শাখায় নিম্ন বর্ণিত পদে নিয়োগের জন্য বাংলাদেশী নাগরিকদের নিকট হতে দরখাস্ত আহবান করা যাচ্ছে।","Full-time","সংশ্লিষ্ট বিষয়ে ৪ বছর মেয়াদী ২য় শ্রেণির স্নাতক (সম্মান) অথবা ৩ বছর মেয়াদী (সম্মান) সহ স্নাতকোত্তর ডিগ্রী অথবা ১ম শ্রেণির স্নাতকোত্তর ডিগ্রী।","Age at least 25 years","গাজীপুর","Tk. 18600 (Monthly)""jobTitle","category","companyName","vacancy","jobContext","jobDescription","employmentStatus","educationalReq","additionalReq","jobLocation","salary"
"English Teacher - Literature & Language (STD III - VI)","Education Training","Yale International School","02","Prepare lesson plans, lecture materials and actively involve in developing curriculum.
Evaluate students' assignments and written works.
All academic responsibilities related to students' exam, parents dealing and other duties as the position requires. 
Active participation in School events.","Prepare lesson plans, lecture materials and actively involve in developing curriculum.","Full-time","Bachelor of Arts (BA)","Age 25 to 35 years","Dhaka","Negotiable""jobTitle","category","companyName","vacancy","jobContext","jobDescription","employmentStatus","educationalReq","additionalReq","jobLocation","salary"
"Digital Marketing Expert / Specialist","Education Training","The International University of Scholars","Not specific","We are looking to hire an experienced Digital Marketing specialist to help drive the company`s online/digital portfolio. In this position , the candidate will be involved in developing digital marketing strategies, implementing digital campaign and sales plans. An experience in handling the marketplace is needed.","Create and manage engaging content for various social media platforms (e.g., Facebook, Instagram, Twitter, LinkedIn) to enhance brand visibility and engagement.","Full-time","Bachelor degree in any discipline","Age at least 20 years","Dhaka (Banani)","Negotiable""jobTitle","category","companyName","vacancy","jobContext","jobDescription","employmentStatus","educationalReq","additionalReq","jobLocation","salary"
"Monitoring Officer, BRAC Education Programme (Project Staff)","Education Training","BRAC","Not specific","The position is responsible for the project of Advocacy for Play, Early Learning & Socio-emotional Development in Bangladesh managing and implementing monitoring works as per plan and procedures, data quality, timely data collection, and reporting. The position also develops monitoring tools as per requirement of the program and conducts urgent works for assisting programs and support functions for activity/ output/ outcome monitoring.","Participate in strategic planning of Monitoring and Evaluation Unit.","Contractual","Master Degree in Statistics or Social Science from any reputed university.","Age at least 24 years","Dhaka","Negotiable""jobTitle","category","companyName","vacancy","jobContext","jobDescription","employmentStatus","educationalReq","additionalReq","jobLocation","salary"
"প্রভাষক","Education Training","আমিরজান কলেজ","Not specific","কুড়িল বিশ্ব রোড হতে পূর্ব দিকে পরিবহনে মাত্র ৫ মিনিটের দূরত্ব ৩০০ ফিট রোডের পাশেই ডুমনীতে অবস্থিত স্বনামধন্য আমিরজান কলেজের জন্য  প্রভাষক নিয়োগের নিমিত্তে বাংলাদেশের প্রকৃত নাগরিক হতে আবেদনপত্র আহ্বান করা যাচ্ছে।","","Full-time","স্বীকৃত বিশ্ববিদ্যালয় হতে সংশ্লিষ্ট বিষয়ে ন্যূনতম ২য় শ্রেণির স্নাতক (সম্মান) ও স্নাতকোত্তর ডিগ্রি।","","ঢাকা","""jobTitle","category","companyName","vacancy","jobContext","jobDescription","employmentStatus","educationalReq","additionalReq","jobLocation","salary"
"Registrar","Education Training","Feni University (FU)","Not specific","Department: Office of the Registrar.
We are seeking a self-motivated, proactive, and dynamic individual for the position of Registrar in the Office of the Registrar at Feni University.","Department: Office of the Registrar.","Full-time","First-class honors or equivalent in Bachelor's and Master's degrees in any discipline or a Ph.D./M.Phil. Degree from a reputable university.","Minimum 10 to 15 years of professional experience, preferably in a University level.","Feni","As per FU pay Scale.""jobTitle","category","companyName","vacancy","jobContext","jobDescription","employmentStatus","educationalReq","additionalReq","jobLocation","salary"
"IELTS & PTE Tutor","Education Training","Global Education and Immigration Consultancy-BD","03","It is initially a contractual job. Duration depends on our students enrolled and batches. Contractual jobs may be converted into full-time permanent jobs in the near future.  Remuneration or honorarium is negotiable.","Your key responsibility includes the following.","Part-time, Contractual","Masters degree in any discipline, Bachelor degree in any discipline","Age 25 to 40 years","Dhaka (Savar, Savar city)","NegotiableNegotiable with batches and a number of students per batch."