"jobTitle","category","companyName","vacancy","jobContext","jobDescription","employmentStatus","educationalReq","additionalReq","jobLocation","salary"
"সাইট সুপারভাইজার","Electrician  Construction  Repair","ABC Auto Bricks","Not specific","সকল নির্মাণ কার্যক্রমের অগ্রগতি তদারকি করা।
সাইটের কর্মীদের নিয়োগ এবং কর্মক্ষমতা মূল্যায়ন করা।
সমস্ত সরঞ্জাম কাজের ক্রম এবং ভাল অবস্থায় আছে তা নিশ্চিত করা
জরুরী অবস্থায় প্রাথমিক চিকিৎসা করা।
সমস্ত নির্মাণ সাইট শ্রমিকদের একটি সঠিক উপস্থিতি রিপোর্ট বজায় রাখা।","সকল নির্মাণ কার্যক্রমের অগ্রগতি তদারকি করা।","Full-time","SSC, HSC","Age 26 to 40 years","মানিকগঞ্জ (সিংগাইর)","Negotiable""jobTitle","category","companyName","vacancy","jobContext","jobDescription","employmentStatus","educationalReq","additionalReq","jobLocation","salary"
"Senior Site Engineer (Civil)","Electrician  Construction  Repair","Pragati Life Insurance Limited","01","Site supervision, estimating and preparation of bill of quantities (BOQ) as per architectural & structural design.","","Full-time","Diploma in Civil","Age 40 to 42 years","Dhaka","Negotiable""jobTitle","category","companyName","vacancy","jobContext","jobDescription","employmentStatus","educationalReq","additionalReq","jobLocation","salary"
"Manager - Maintenance (Electrical)","Electrician  Construction  Repair","Mohammadi Group","Not specific","We are looking for a Manager-Maintenance (Electrical) at MG Properties Ltd. a concern of Mohammadi Group. Who must have working experience in the real estate industry ( Residential & Commercial ).","Designing, maintaining, implementing, or improving electrical instruments, facilities, components, equipment products, or systems for industrial purpose.","Full-time","Bachelor of Science (BSc) in Electrical Engineering","Age 33 to 40 years","Dhaka","Negotiable""jobTitle","category","companyName","vacancy","jobContext","jobDescription","employmentStatus","educationalReq","additionalReq","jobLocation","salary"
"Senior Site Engineer (Electrical)","Electrician  Construction  Repair","Pragati Life Insurance Limited","01","Estimating and preparation of Bill of Quantities (BOQ) for Electrical Items as per Architectural & Structural Design.","","Full-time","Diploma in Electrical","Age 40 to 42 years","Dhaka","Negotiable""jobTitle","category","companyName","vacancy","jobContext","jobDescription","employmentStatus","educationalReq","additionalReq","jobLocation","salary"
"In-Charge (Electrical)","Electrician  Construction  Repair","Monalisa Ceramics (BD) Ltd.","1","Determine to achieve objective and follow up progress completing with the strategic production target and mission of the Company to achieve the goal.
Prepare, suggest and recommend training, tools and various operational guidelines to enhance skill and competency of all factory personnel from time to time.
Keeping informed all the operational affairs to Managing Director / Chairman/ CEO and solicit decision in necessary case.
Maintain collaborative working relationship with supervisors, peers, subordinates, internal customers and external customers.
Understand full Automation System of X-Ceramics.
Ensure Standard Operating Procedure and Compliance as per ISO 9001:2008.
Develop, manage and execute department budget and monthly goals.
Prepare and submit quarterly and annual budget plan in regard to production planning for the future growth of the plant in consolation with the management.
Determining relevant quality associated training requirements and delivering training from time to time.
Collating and analyzing performance charts and data against defined parameters.
Writing management and technical systems reports.
Collating the staff of various disciplines and driving them to plan, develop and agree broad quality procedures.","Determine to achieve objective and follow up progress completing with the strategic production target and mission of the Company to achieve the goal.","Full-time","Diploma in Electrical.","Age at least 30 years","Gazipur (Sreepur)","Negotiable""jobTitle","category","companyName","vacancy","jobContext","jobDescription","employmentStatus","educationalReq","additionalReq","jobLocation","salary"
"Rotogravure Printing Machine, Operator","Electrician  Construction  Repair","A Renowned Aluminum Packaging Foil Company(Foil Rolling Mill)","Not specific","We are seeking a skilled and experienced Rotogravure Printing Machine Operator to join our team. The ideal candidate will have a strong background in operating rotogravure printing machines and a keen eye for detail. This role is crucial in ensuring the quality and efficiency of our printing processes.","1.	Machine Setup: Set up and prepare rotogravure printing machines for production runs, ensuring that all necessary materials and components are in place.","Full-time","Diploma in Mechanical in Mechanical Engineering","Age 30 to 35 years","Dhaka (Dhamrai)","Negotiable""jobTitle","category","companyName","vacancy","jobContext","jobDescription","employmentStatus","educationalReq","additionalReq","jobLocation","salary"
"Printer Repair Engineer","Electrician  Construction  Repair","Ryans Computers Ltd.","Not specific","Ink Tank Printer & Laser Printer Service & RepairReplacing new ink, Cartridges, Head, & other accessories changing itemsTroubleshooting printer problems such as paper jams, Error problems, Bad noise, Ink low, Print Not Clear, Scan problems, Roller problems, Light blinking Problems, etc.Completing printer setup & network configurations.QC of Ready product","Ink Tank Printer & Laser Printer Service & Repair","Full-time","Diploma in Engineering in Computer Engineering","Age at least 21 years","Dhaka","Negotiable""jobTitle","category","companyName","vacancy","jobContext","jobDescription","employmentStatus","educationalReq","additionalReq","jobLocation","salary"
"Electrical Engineer","Electrician  Construction  Repair","Haoliwang International","2","screw compressor and industrial generator sell repair and maintenance.","","Full-time, Part-time","SSC","Age 18 to 50 years","Anywhere in Bangladesh","Negotiableafter each order complete , we give at least 100,000tk commission""jobTitle","category","companyName","vacancy","jobContext","jobDescription","employmentStatus","educationalReq","additionalReq","jobLocation","salary"
"Assistant General Manager (AGM) - Structural Engineer","Electrician  Construction  Repair","Fortress Developments Ltd","01","As an Assistant General Manager (AGM) - Structural Engineer, you play a crucial role in designing and overseeing the construction of high-rise buildings and structural components. Your responsibilities include creating detailed designs, ensuring compliance with engineering standards and regulations, and maintaining high-quality standards throughout construction. Your analytical, critical thinking and time management skills are essential for success in this role.","Prepare detailed designs and construction plans for high-rise buildings, structural elements, and components, along with associated specifications.","Full-time","Bachelor in Engineering (BEngg) in Civil Engineering, Masters in Engineering (MEngg) in Civil Engineering","Age 35 to 45 years","Anywhere in Bangladesh","Negotiable""jobTitle","category","companyName","vacancy","jobContext","jobDescription","employmentStatus","educationalReq","additionalReq","jobLocation","salary"
"Electrical Engineer","Electrician  Construction  Repair","O&M Solutions Bangladesh Limited","Not specific","Project Name: Patuakhali 1320MW Coal Fired Thermal Power Plant Project","Assist Project Coordinator in various assignments.","Contractual","Bachelor Degree in Electrical Engineering from Public University preferably BUET/CUET/RUET/KUET.","Experience in Construction, Operation & Maintenance of power plant will be appreciable.","Patuakhali","Negotiable""jobTitle","category","companyName","vacancy","jobContext","jobDescription","employmentStatus","educationalReq","additionalReq","jobLocation","salary"
"Senior Technician (Electrical)","Electrician  Construction  Repair","totalFOOD Processing Pvt Ltd","Not specific","Description: TotalFood Processing Pvt Limited, Bangladesh (https://totalfoodprocessing.com) is a state-of-the-art shrimp and fish processing factory located in Rupsha, just on the outskirts of divisional city Khulna, 170 km from the capital city Dhaka, beside the Khulna-Dhaka Highway. The seaport is just 30km and the airport (under construction) is just 10km away from the factory premise. The area covers approximately 20 acres of land under our TotalFood title.  The factory is designed with extensive and rigorous consultations with various local and international experts. It is our ambition to become a game changer in the Bangladesh Shrimp processing industry. 
More About Us: Our UK business, TotalFood Distribution Limited, has been operating since 1996. We have a purpose-built cold storage facility with a fleet of refrigerated company branded vehicles for distribution of our products, covering London and the South East of England. We distribute a wide range of frozen products to our customers who are restaurants, wholesalers, cash & carry outlets, small distributors and retail outlets
Sr. Technician (Electrical) is responsible for day to day operation & maintenance work of the Electrical Section and all other Electrical works of the TFPPL. His prime responsibility is to attend complaints coming from the production & Utility section and inform the Project Engineer / Senior Project Engineer /Lead Project Engineer about the problem and solve this problem according to instruction of the Project Engineer/Senior Project Engineer/Lead Project Engineer.","Description: TotalFood Processing Pvt Limited, Bangladesh (https://totalfoodprocessing.com) is a state-of-the-art shrimp and fish processing factory located in Rupsha, just on the outskirts of divisional city Khulna, 170 km from the capital city Dhaka, beside the Khulna-Dhaka Highway. The seaport is just 30km and the airport (under construction) is just 10km away from the factory premise. The area covers approximately 20 acres of land under our TotalFood title.  The factory is designed with extensive and rigorous consultations with various local and international experts. It is our ambition to become a game changer in the Bangladesh Shrimp processing industry.","Full-time","HSC","Age at least 25 years","Khulna","Negotiable""jobTitle","category","companyName","vacancy","jobContext","jobDescription","employmentStatus","educationalReq","additionalReq","jobLocation","salary"
"Plumbing Engineer","Electrician  Construction  Repair","Anwar Landmark Ltd. (A sister concern of Anwar Group of Industries)","Not specific","Analyzing buildings to determine suitable plumbing systems
Managing the design and implementation of water and piping systems
Helping clients identify ideal plumbing equipment
Hiring, training and supervising junior plumbing engineers
Developing project drawings and design amendments
Troubleshooting drainage issues and recommending long-term solutions
Travelling to businesses and homes to assess existing plumbing systems
Enforcing compliance with workplace health and safety regulations
Interpreting blueprints to plan the installation of plumbing systems
Replacing or repairing plumbing-related devices
Helping clients estimate the costs of plumbing projects
Updating executives and investors on a plumbing project's progress
Developing stormwater safety systems for public venues
Designing and implementing sewer systems
Managing plumbing departments in construction firms","Analyzing buildings to determine suitable plumbing systems","Full-time","Diploma in Civil / Mechanical Engineering from any public poly technical institute","Age at least 25 years","Anywhere in Bangladesh","Negotiable""jobTitle","category","companyName","vacancy","jobContext","jobDescription","employmentStatus","educationalReq","additionalReq","jobLocation","salary"
"Technician (Electrical & Mechanical)","Electrician  Construction  Repair","IALT FOOTWEAR LTD.","01","Full Time","Compiles machineries records by recording service and repairs.","Full-time","SSC","Age 25 to 35 years","Narayanganj","Tk. 25000 - 30000 (Monthly)""jobTitle","category","companyName","vacancy","jobContext","jobDescription","employmentStatus","educationalReq","additionalReq","jobLocation","salary"
"সার্ভিস ইঞ্জিনিয়ার (প্রিন্টার)","Electrician  Construction  Repair","IT PALACE","Not specific","কুমিল্লা শহরের একটি স্বনামধন্য আইটি প্রতিষ্ঠানের জন্য অভিজ্ঞতা সম্পন্ন প্রিন্টার সার্ভিস ইন্জিনিয়ার নিয়োগ করা হবে।","সংশ্লিষ্ট বিষয়ের উপর অভিজ্ঞতা থাকতে হবে।","Full-time","SSC","Age at most 50 years","কুমিল্লা","Negotiable""jobTitle","category","companyName","vacancy","jobContext","jobDescription","employmentStatus","educationalReq","additionalReq","jobLocation","salary"
"জুনিয়র ইনস্ট্রাক্টর(ইলেকট্রিক্যাল)","Electrician  Construction  Repair","RANGPUR INSTITUTE OF TECHNOLOGY(RIT)","3","রংপুর ইনস্টিটিউট অব টেকনোলজি (RIT), রংপুর এ জুনিয়র ইনস্ট্রাক্টর (ইলেকট্রিক্যাল) জরুরী ভিত্তিতে নিয়োগ দেওয়া হবে।","","Full-time","সংশ্লিষ্ট বিষয়ে ডিপ্লোমা-ইন-ইঞ্জিনিয়ারিং।","Age at least 25 years","রংপুর (রংপুর সদর)","Negotiable""jobTitle","category","companyName","vacancy","jobContext","jobDescription","employmentStatus","educationalReq","additionalReq","jobLocation","salary"
"Project Civil Engineer","Electrician  Construction  Repair","Majesto Limited","1","We are looking for an expert civil engineer who has experienced on steel structure construction, site supervision, vendor and worker management for successful implementation of construction work.","We are looking for an expert civil engineer who has experienced on steel structure construction, site supervision, vendor and worker management for successful implementation of construction work.","Full-time","Bachelor of Science (BSc) in Civil Engineering","Age 28 to 40 years","Narayanganj (Sonargaon)","Negotiable""jobTitle","category","companyName","vacancy","jobContext","jobDescription","employmentStatus","educationalReq","additionalReq","jobLocation","salary"
"Electrical/Machine Maintenance Engineer","Electrician  Construction  Repair","Haoliwang International","2","Part time job of sell generator and compressor.","Haoliwang international (https://chinamachinebd.com/), office in Uttara, Sell screw air compressor and industrial generator. We need part time sales and machine repair engineer.","Part-time","SSC","Age at least 20 years","Anywhere in Bangladesh","NegotiableAfter sell, we can give you some commission (at least 100,000tk per set).""jobTitle","category","companyName","vacancy","jobContext","jobDescription","employmentStatus","educationalReq","additionalReq","jobLocation","salary"
"সুপারভাইজার/ সহকারী সুপারভাইজার","Electrician  Construction  Repair","A Reputed Company","Not specific","একটি বাণিজ্যিক ভবন পরিচালনা ও দেখাশোনা করার জন্য জরুরী ভিত্তিতে কিছু সংখ্যক সুপারভাইজার আবশ্যক।","প্রজেক্টে কর্মরত সাপোর্ট স্টাফদের পরিচালনা করা।","Full-time","Diploma in Engineering","Age 20 to 35 years","ঢাকা","Negotiable""jobTitle","category","companyName","vacancy","jobContext","jobDescription","employmentStatus","educationalReq","additionalReq","jobLocation","salary"
"Electrician (Poultry Hatchery/Farm)","Electrician  Construction  Repair","New Hope Farms Bangladesh Ltd.","02","English literature must.
Capable to work in stress and under pressure.
Active and pre-planed on duty.
Hard working and studious attitude.
Honest personality with team-spirit.","English literature must.","Full-time","Diploma in Electrical","Age 20 to 35 years","Anywhere in Bangladesh","Negotiable""jobTitle","category","companyName","vacancy","jobContext","jobDescription","employmentStatus","educationalReq","additionalReq","jobLocation","salary"
"Lab Technician -Construction","Electrician  Construction  Repair","Samuda Construction Ltd.","Not specific","Samuda Construction Limited (SCL) is located at Bangabandhu Sheikh Mujib Shilpa Nagor, Mirsarai, Chattogram has started its journey with a vision to provide economical, sustainable & faster solutions with a commitment to creating a legacy. SCL manufactured Pre-tensioned High Strength Concrete Piles (PHC Piles). We are currently looking for an energetic Lab Technician professional for our plant. If you are ready to take the challenging career journey, please find the details and apply as per the instructions:","Testing Materials:","Full-time","SSC","Age at least 20 years","Chattogram (Mirsharai)","Negotiable""jobTitle","category","companyName","vacancy","jobContext","jobDescription","employmentStatus","educationalReq","additionalReq","jobLocation","salary"
"Electrical Engineer","Electrician  Construction  Repair","Haoliwang International","2","screw compressor and industrial generator sell repair and maintenance.","","Full-time, Part-time","SSC","Age 18 to 50 years","Anywhere in Bangladesh","Negotiableafter each order complete , we give at least 100,000tk commission""jobTitle","category","companyName","vacancy","jobContext","jobDescription","employmentStatus","educationalReq","additionalReq","jobLocation","salary"
"Electrical/ Machine Maintenance Engineer","Electrician  Construction  Repair","Haoliwang International","2","Part time job of sell generator and compressor.","Haoliwang international (https://chinamachinebd.com/), office in Uttara, Sell screw air compressor and industrial generator. We need part time sales and machine repair engineer.","Part-time","SSC","Age at least 20 years","Anywhere in Bangladesh","NegotiableAfter sell, we can give you some commission (at least 100,000tk per set).""jobTitle","category","companyName","vacancy","jobContext","jobDescription","employmentStatus","educationalReq","additionalReq","jobLocation","salary"
"Electrical Engineer","Electrician  Construction  Repair","O&M Solutions Bangladesh Limited","Not specific","Project Name: Patuakhali 1320MW Coal Fired Thermal Power Plant Project","Assist Project Coordinator in various assignments.","Contractual","Bachelor Degree in Electrical Engineering from Public University preferably BUET/CUET/RUET/KUET.","Experience in Construction, Operation & Maintenance of power plant will be appreciable.","Patuakhali","Negotiable""jobTitle","category","companyName","vacancy","jobContext","jobDescription","employmentStatus","educationalReq","additionalReq","jobLocation","salary"
"সার্ভিস ইঞ্জিনিয়ার (প্রিন্টার)","Electrician  Construction  Repair","IT PALACE","Not specific","কুমিল্লা শহরের একটি স্বনামধন্য আইটি প্রতিষ্ঠানের জন্য অভিজ্ঞতা সম্পন্ন প্রিন্টার সার্ভিস ইন্জিনিয়ার নিয়োগ করা হবে।","সংশ্লিষ্ট বিষয়ের উপর অভিজ্ঞতা থাকতে হবে।","Full-time","SSC","Age at most 50 years","কুমিল্লা","Negotiable""jobTitle","category","companyName","vacancy","jobContext","jobDescription","employmentStatus","educationalReq","additionalReq","jobLocation","salary"
"Rotogravure Printing Machine, Operator","Electrician  Construction  Repair","A Renowned Aluminum Packaging Foil Company(Foil Rolling Mill)","Not specific","We are seeking a skilled and experienced Rotogravure Printing Machine Operator to join our team. The ideal candidate will have a strong background in operating rotogravure printing machines and a keen eye for detail. This role is crucial in ensuring the quality and efficiency of our printing processes.","1.	Machine Setup: Set up and prepare rotogravure printing machines for production runs, ensuring that all necessary materials and components are in place.","Full-time","Diploma in Mechanical in Mechanical Engineering","Age 30 to 35 years","Dhaka (Dhamrai)","Negotiable""jobTitle","category","companyName","vacancy","jobContext","jobDescription","employmentStatus","educationalReq","additionalReq","jobLocation","salary"
"Senior Site Engineer (Electrical)","Electrician  Construction  Repair","Pragati Life Insurance Limited","01","Estimating and preparation of Bill of Quantities (BOQ) for Electrical Items as per Architectural & Structural Design.","","Full-time","Diploma in Electrical","Age 40 to 42 years","Dhaka","Negotiable""jobTitle","category","companyName","vacancy","jobContext","jobDescription","employmentStatus","educationalReq","additionalReq","jobLocation","salary"
"Plumbing Engineer","Electrician  Construction  Repair","Anwar Landmark Ltd. (A sister concern of Anwar Group of Industries)","Not specific","Analyzing buildings to determine suitable plumbing systems
Managing the design and implementation of water and piping systems
Helping clients identify ideal plumbing equipment
Hiring, training and supervising junior plumbing engineers
Developing project drawings and design amendments
Troubleshooting drainage issues and recommending long-term solutions
Travelling to businesses and homes to assess existing plumbing systems
Enforcing compliance with workplace health and safety regulations
Interpreting blueprints to plan the installation of plumbing systems
Replacing or repairing plumbing-related devices
Helping clients estimate the costs of plumbing projects
Updating executives and investors on a plumbing project's progress
Developing stormwater safety systems for public venues
Designing and implementing sewer systems
Managing plumbing departments in construction firms","Analyzing buildings to determine suitable plumbing systems","Full-time","Diploma in Civil / Mechanical Engineering from any public poly technical institute","Age at least 25 years","Anywhere in Bangladesh","Negotiable""jobTitle","category","companyName","vacancy","jobContext","jobDescription","employmentStatus","educationalReq","additionalReq","jobLocation","salary"
"সুপারভাইজার/ সহকারী সুপারভাইজার","Electrician  Construction  Repair","A Reputed Company","Not specific","একটি বাণিজ্যিক ভবন পরিচালনা ও দেখাশোনা করার জন্য জরুরী ভিত্তিতে কিছু সংখ্যক সুপারভাইজার আবশ্যক।","প্রজেক্টে কর্মরত সাপোর্ট স্টাফদের পরিচালনা করা।","Full-time","Diploma in Engineering","Age 20 to 35 years","ঢাকা","Negotiable""jobTitle","category","companyName","vacancy","jobContext","jobDescription","employmentStatus","educationalReq","additionalReq","jobLocation","salary"
"জুনিয়র ইনস্ট্রাক্টর(ইলেকট্রিক্যাল)","Electrician  Construction  Repair","RANGPUR INSTITUTE OF TECHNOLOGY(RIT)","3","রংপুর ইনস্টিটিউট অব টেকনোলজি (RIT), রংপুর এ জুনিয়র ইনস্ট্রাক্টর (ইলেকট্রিক্যাল) জরুরী ভিত্তিতে নিয়োগ দেওয়া হবে।","","Full-time","সংশ্লিষ্ট বিষয়ে ডিপ্লোমা-ইন-ইঞ্জিনিয়ারিং।","Age at least 25 years","রংপুর (রংপুর সদর)","Negotiable""jobTitle","category","companyName","vacancy","jobContext","jobDescription","employmentStatus","educationalReq","additionalReq","jobLocation","salary"
"Project Civil Engineer","Electrician  Construction  Repair","Majesto Limited","1","We are looking for an expert civil engineer who has experienced on steel structure construction, site supervision, vendor and worker management for successful implementation of construction work.","We are looking for an expert civil engineer who has experienced on steel structure construction, site supervision, vendor and worker management for successful implementation of construction work.","Full-time","Bachelor of Science (BSc) in Civil Engineering","Age 28 to 40 years","Narayanganj (Sonargaon)","Negotiable""jobTitle","category","companyName","vacancy","jobContext","jobDescription","employmentStatus","educationalReq","additionalReq","jobLocation","salary"
"Technician (Electrical & Mechanical)","Electrician  Construction  Repair","IALT FOOTWEAR LTD.","01","Full Time","Compiles machineries records by recording service and repairs.","Full-time","SSC","Age 25 to 35 years","Narayanganj","Tk. 25000 - 30000 (Monthly)""jobTitle","category","companyName","vacancy","jobContext","jobDescription","employmentStatus","educationalReq","additionalReq","jobLocation","salary"
"Senior Technician (Electrical)","Electrician  Construction  Repair","totalFOOD Processing Pvt Ltd","Not specific","Description: TotalFood Processing Pvt Limited, Bangladesh (https://totalfoodprocessing.com) is a state-of-the-art shrimp and fish processing factory located in Rupsha, just on the outskirts of divisional city Khulna, 170 km from the capital city Dhaka, beside the Khulna-Dhaka Highway. The seaport is just 30km and the airport (under construction) is just 10km away from the factory premise. The area covers approximately 20 acres of land under our TotalFood title.  The factory is designed with extensive and rigorous consultations with various local and international experts. It is our ambition to become a game changer in the Bangladesh Shrimp processing industry. 
More About Us: Our UK business, TotalFood Distribution Limited, has been operating since 1996. We have a purpose-built cold storage facility with a fleet of refrigerated company branded vehicles for distribution of our products, covering London and the South East of England. We distribute a wide range of frozen products to our customers who are restaurants, wholesalers, cash & carry outlets, small distributors and retail outlets
Sr. Technician (Electrical) is responsible for day to day operation & maintenance work of the Electrical Section and all other Electrical works of the TFPPL. His prime responsibility is to attend complaints coming from the production & Utility section and inform the Project Engineer / Senior Project Engineer /Lead Project Engineer about the problem and solve this problem according to instruction of the Project Engineer/Senior Project Engineer/Lead Project Engineer.","Description: TotalFood Processing Pvt Limited, Bangladesh (https://totalfoodprocessing.com) is a state-of-the-art shrimp and fish processing factory located in Rupsha, just on the outskirts of divisional city Khulna, 170 km from the capital city Dhaka, beside the Khulna-Dhaka Highway. The seaport is just 30km and the airport (under construction) is just 10km away from the factory premise. The area covers approximately 20 acres of land under our TotalFood title.  The factory is designed with extensive and rigorous consultations with various local and international experts. It is our ambition to become a game changer in the Bangladesh Shrimp processing industry.","Full-time","HSC","Age at least 25 years","Khulna","Negotiable""jobTitle","category","companyName","vacancy","jobContext","jobDescription","employmentStatus","educationalReq","additionalReq","jobLocation","salary"
"Assistant General Manager (AGM) - Structural Engineer","Electrician  Construction  Repair","Fortress Developments Ltd","01","As an Assistant General Manager (AGM) - Structural Engineer, you play a crucial role in designing and overseeing the construction of high-rise buildings and structural components. Your responsibilities include creating detailed designs, ensuring compliance with engineering standards and regulations, and maintaining high-quality standards throughout construction. Your analytical, critical thinking and time management skills are essential for success in this role.","Prepare detailed designs and construction plans for high-rise buildings, structural elements, and components, along with associated specifications.","Full-time","Bachelor in Engineering (BEngg) in Civil Engineering, Masters in Engineering (MEngg) in Civil Engineering","Age 35 to 45 years","Anywhere in Bangladesh","Negotiable""jobTitle","category","companyName","vacancy","jobContext","jobDescription","employmentStatus","educationalReq","additionalReq","jobLocation","salary"
"Printer Repair Engineer","Electrician  Construction  Repair","Ryans Computers Ltd.","Not specific","Ink Tank Printer & Laser Printer Service & Repair
Replacing new ink, Cartridges, Head, & other accessories changing items
Troubleshooting printer problems such as paper jams, Error problems, Bad noise, Ink low, Print Not Clear, Scan problems, Roller problems, Light blinking Problems, etc.
Completing printer setup & network configurations.
QC of Ready product","Ink Tank Printer & Laser Printer Service & Repair","Full-time","Diploma in Engineering in Computer Engineering","Age at least 21 years","Dhaka","Negotiable""jobTitle","category","companyName","vacancy","jobContext","jobDescription","employmentStatus","educationalReq","additionalReq","jobLocation","salary"
"Senior Site Engineer (Civil)","Electrician  Construction  Repair","Pragati Life Insurance Limited","01","Site supervision, estimating and preparation of bill of quantities (BOQ) as per architectural & structural design.","","Full-time","Diploma in Civil","Age 40 to 42 years","Dhaka","Negotiable""jobTitle","category","companyName","vacancy","jobContext","jobDescription","employmentStatus","educationalReq","additionalReq","jobLocation","salary"
"সাইট সুপারভাইজার","Electrician  Construction  Repair","ABC Auto Bricks","Not specific","সকল নির্মাণ কার্যক্রমের অগ্রগতি তদারকি করা।
সাইটের কর্মীদের নিয়োগ এবং কর্মক্ষমতা মূল্যায়ন করা।
সমস্ত সরঞ্জাম কাজের ক্রম এবং ভাল অবস্থায় আছে তা নিশ্চিত করা
জরুরী অবস্থায় প্রাথমিক চিকিৎসা করা।
সমস্ত নির্মাণ সাইট শ্রমিকদের একটি সঠিক উপস্থিতি রিপোর্ট বজায় রাখা।","সকল নির্মাণ কার্যক্রমের অগ্রগতি তদারকি করা।","Full-time","SSC, HSC","Age 26 to 40 years","মানিকগঞ্জ (সিংগাইর)","Negotiable""jobTitle","category","companyName","vacancy","jobContext","jobDescription","employmentStatus","educationalReq","additionalReq","jobLocation","salary"
"Electrician (Poultry Hatchery/Farm)","Electrician  Construction  Repair","New Hope Farms Bangladesh Ltd.","02","English literature must.
Capable to work in stress and under pressure.
Active and pre-planed on duty.
Hard working and studious attitude.
Honest personality with team-spirit.","English literature must.","Full-time","Diploma in Electrical","Age 20 to 35 years","Anywhere in Bangladesh","Negotiable""jobTitle","category","companyName","vacancy","jobContext","jobDescription","employmentStatus","educationalReq","additionalReq","jobLocation","salary"
"In-Charge (Electrical)","Electrician  Construction  Repair","Monalisa Ceramics (BD) Ltd.","1","Determine to achieve objective and follow up progress completing with the strategic production target and mission of the Company to achieve the goal.
Prepare, suggest and recommend training, tools and various operational guidelines to enhance skill and competency of all factory personnel from time to time.
Keeping informed all the operational affairs to Managing Director / Chairman/ CEO and solicit decision in necessary case.
Maintain collaborative working relationship with supervisors, peers, subordinates, internal customers and external customers.
Understand full Automation System of X-Ceramics.
Ensure Standard Operating Procedure and Compliance as per ISO 9001:2008.
Develop, manage and execute department budget and monthly goals.
Prepare and submit quarterly and annual budget plan in regard to production planning for the future growth of the plant in consolation with the management.
Determining relevant quality associated training requirements and delivering training from time to time.
Collating and analyzing performance charts and data against defined parameters.
Writing management and technical systems reports.
Collating the staff of various disciplines and driving them to plan, develop and agree broad quality procedures.","Determine to achieve objective and follow up progress completing with the strategic production target and mission of the Company to achieve the goal.","Full-time","Diploma in Electrical.","Age at least 30 years","Gazipur (Sreepur)","Negotiable""jobTitle","category","companyName","vacancy","jobContext","jobDescription","employmentStatus","educationalReq","additionalReq","jobLocation","salary"
"Manager - Maintenance (Electrical)","Electrician  Construction  Repair","Mohammadi Group","Not specific","We are looking for a Manager-Maintenance (Electrical) at MG Properties Ltd. a concern of Mohammadi Group. Who must have working experience in the real estate industry ( Residential & Commercial ).","Designing, maintaining, implementing, or improving electrical instruments, facilities, components, equipment products, or systems for industrial purpose.","Full-time","Bachelor of Science (BSc) in Electrical Engineering","Age 33 to 40 years","Dhaka","Negotiable""jobTitle","category","companyName","vacancy","jobContext","jobDescription","employmentStatus","educationalReq","additionalReq","jobLocation","salary"
"Lab Technician -Construction","Electrician  Construction  Repair","Samuda Construction Ltd.","Not specific","Samuda Construction Limited (SCL) is located at Bangabandhu Sheikh Mujib Shilpa Nagor, Mirsarai, Chattogram has started its journey with a vision to provide economical, sustainable & faster solutions with a commitment to creating a legacy. SCL manufactured Pre-tensioned High Strength Concrete Piles (PHC Piles). We are currently looking for an energetic Lab Technician professional for our plant. If you are ready to take the challenging career journey, please find the details and apply as per the instructions:","Testing Materials:","Full-time","SSC","Age at least 20 years","Chattogram (Mirsharai)","Negotiable"