"jobTitle","category","companyName","vacancy","jobContext","jobDescription","employmentStatus","educationalReq","additionalReq","jobLocation","salary"
"Jr. Executive, Canon Service","IT Telecommunication","Smart Technologies (BD) Ltd.","01","Manage large amounts of incoming phone calls.Generate sales leads.Identify and assess customers’ needs to achieve satisfaction.Build sustainable relationships and trust with customer accounts through open and interactive communication.Provide accurate, valid and complete information by using the right methods/tools.Meet personal/customer service team sales targets and call handling quotas.Handle customer complaints, provide appropriate solutions and alternatives within the time limits; follow up to ensure resolution.Keep records of customer interactions, process customer accounts and file documents.Follow communication procedures, guidelines and policiesTake the extra mile to engage customers","Manage large amounts of incoming phone calls.","Full-time","Bachelor degree in any discipline","Age at least 23 years","Dhaka","Negotiable""jobTitle","category","companyName","vacancy","jobContext","jobDescription","employmentStatus","educationalReq","additionalReq","jobLocation","salary"
"RFP Specialist","IT Telecommunication","TigerIT Bangladesh Limited","Not specific","Prepare responses to RFPs, EOIs, and OTM tenders for various government, and non-government organizations.
Day to day communications and business analysis and presentations.
Research and report writing on different innovative ideas and business issues.
Working with software developers and system analysts to understand system architecture.
Documenting functional/business requirements, process flows, hardware/software/ other system components.
Writing business and technical proposals.
Maintaining liaisons with different local and international stakeholders.
Preparing presentations and conducting demonstrations on various levels.
Making customer visits as and when required.
Generating leads from specific market segments.","Prepare responses to RFPs, EOIs, and OTM tenders for various government, and non-government organizations.","Full-time","Bachelor of Science (BSc), Masters in Engineering (MEngg)","Age at least 25 years","Anywhere in Bangladesh","""jobTitle","category","companyName","vacancy","jobContext","jobDescription","employmentStatus","educationalReq","additionalReq","jobLocation","salary"
"Sr. Software Engineer ( C#/.NET)","IT Telecommunication","A reputed group of companies","2","A reputed group of companies is seeking full-time Full Stack Developers for its offshore development team, whose primary focus will be on application development, maintenance, and support. Although he will bring unique development expertise to the collaborative team apart this he will also join in with the design and development phases of the various processes. The role is responsible for our primary stack of .NET, although many other technologies deliver our products.","Experience with C#/.NET and Angular to design, develop, and deploy applications.","Full-time","B.Sc/ M.Sc in IT from any reputed institution.","Age at least 28 years","Dhaka","NegotiableAttractive Compensation Package""jobTitle","category","companyName","vacancy","jobContext","jobDescription","employmentStatus","educationalReq","additionalReq","jobLocation","salary"
"Jr. Technician Trainee, Canon Service","IT Telecommunication","Smart Technologies (BD) Ltd.","02","Installation and provide customer service at client sites.Perform routine maintenance, including cleaning, calibration, and component replacement, consumables delivery to ensure optimal performance.Collaborate with colleagues and Team leader to share knowledge and best practices.","Installation and provide customer service at client sites.","Full-time","Diploma in Engineering in EEE","Age at least 21 years","Dhaka","Negotiable""jobTitle","category","companyName","vacancy","jobContext","jobDescription","employmentStatus","educationalReq","additionalReq","jobLocation","salary"
"Software Engineer (PHP/ MySQL platform)","IT Telecommunication","NNS Solution Ltd.","2","You will communicate proactively with inform, inquire about project information and also work closely with Project Manager.
You will be responsible to carryout multiple projects.
Responsible for creating/ developing large scale web application.
Ability to meet deadlines and achieve specified results.
Solid working experience on PHP framework CodeIgnator / Laravel are mandatory.
Advanced knowledge in PHP, MySQL, Oracle, JavaScript, Ajax, JSON and jQuery are mandatory.","You will communicate proactively with inform, inquire about project information and also work closely with Project Manager.","Full-time","Preferably B.Sc. in Computer Science or similar discipline.","Age 23 to 30 years","Dhaka","Negotiable""jobTitle","category","companyName","vacancy","jobContext","jobDescription","employmentStatus","educationalReq","additionalReq","jobLocation","salary"
"Assistant Service Engineer, Canon Service","IT Telecommunication","Smart Technologies (BD) Ltd.","02","Installation and provide customer service at client sites.Perform routine maintenance, including cleaning, calibration, and component replacement, to ensure optimal performance.Provide technical support to clients and users, offering guidance on machine operation,troubleshooting, and maintenance best practices.Educate clients and users on the proper use of photocopy machines to prevent common issues.Keep up-to-date with the latest technological advancements in photocopy equipment.Collaborate with colleagues and Team leader to share knowledge and best practices.","Installation and provide customer service at client sites.","Full-time","Diploma in Engineering in EEE","Age at least 22 years","Dhaka","Negotiable""jobTitle","category","companyName","vacancy","jobContext","jobDescription","employmentStatus","educationalReq","additionalReq","jobLocation","salary"
"Service Engineer, Canon Service","IT Telecommunication","Smart Technologies (BD) Ltd.","02","Install and set up new Canon photocopy machines at client sites.Perform routine maintenance, including cleaning, calibration, and component replacement, to ensure optimal performance.Diagnose hardware and software issues and perform necessary repairs and replacements.Respond to service calls promptly and prioritize tasks based on urgency and impact on business operations.Keep accurate records of service calls, maintenance performed, and replacement parts used.Provide technical support to clients and users, offering guidance on machine operation, troubleshooting, and maintenance best practices.Educate clients and users on the proper use of photocopy machines to prevent common issues.Keep up-to-date with the latest technological advancements in photocopy equipment.Collaborate with colleagues and supervisors to share knowledge and best practices.","Install and set up new Canon photocopy machines at client sites.","Full-time","Diploma in Engineering in EEE","Age at least 24 years","Dhaka","Negotiable""jobTitle","category","companyName","vacancy","jobContext","jobDescription","employmentStatus","educationalReq","additionalReq","jobLocation","salary"
"Trainee Software Engineer","IT Telecommunication","Orange Business Development Ltd. (Orangebd)","20","Program Name: EDGE Project by IIT, Organized by Orangebd Ltd.

Program Focus: Training on Laravel (Framework) & DevOps


Customized Training: Trainees can choose their desired subjects for specialized learning.

Practical Learning: Trainees will work within a job environment, gaining hands-on experience.

Internship Component: The program will be counted as an internship, providing real-world exposure.

Recruitment Opportunity: Successful completion of the program can lead to full-time employment.

Gain expertise in Laravel and DevOps.
Apply skills in a professional setting during the internship.
Secure potential full-time employment with Orangebd Ltd.","Program Name: EDGE Project by IIT, Organized by Orangebd Ltd.","Full-time, Internship","Bachelor of Science (BSc) in Computer Science  Engineering, Software Engineering, Computer Science and Information System","Age at least 18 years","Dhaka (DOHS Baridhara)","Internship Allowance""jobTitle","category","companyName","vacancy","jobContext","jobDescription","employmentStatus","educationalReq","additionalReq","jobLocation","salary"
"System Engineer - Core Network (IP & Data)","IT Telecommunication","Intercloud Limited","Not specific","Configuring different IP Routing Protocols (BGP/OSPF/IS-IS etc), Switching service, NNI-Options & Network/System Security protocols.Design and implement technical solution for IP/MPLS backbone.ISP/IIG/IX Core Network & System Operations, Maintenance & Up-gradationHave to work on different vendor platform i.e Cisco Router and Switch (IOS XE and IOS XR Platform), Cisco Firewall, FortiNet , MikroTik.Troubleshooting of Corporate/ISP customers' connectivity issues in edge devices, understanding their requirements and provide solution accordinglyMaintaining different Network Monitoring Tools i.e Cacti, Nagios, Smokeping, Observium etc. in linux based environmentResponsible for handling customer complaints for maintaining high quality of service.Products/Technical knowledge update through self-learning techniques, to meet upcoming service requirements.","Configuring different IP Routing Protocols (BGP/OSPF/IS-IS etc), Switching service, NNI-Options & Network/System Security protocols.","Full-time","Bachelor of Science (BSc) in EEE, ETE, CSE, Telecommunication etc.","Age 24 to 32 years","Dhaka","Negotiable""jobTitle","category","companyName","vacancy","jobContext","jobDescription","employmentStatus","educationalReq","additionalReq","jobLocation","salary"
"Site Reliability Engineer (Monitoring)","IT Telecommunication","ADN DigiNet Limited","Not specific","This is a role where the incumbent is responsible for applying software engineering principles to operations and infrastructure processes to help organizations manage and monitor highly reliable and scalable software systems to meet the organization’s need and to ensure high quality software products to our organization. S/he is required to have strong analytical skills to understand application life cycles and integration process flow.","Design, code, test, debug, maintain, and document for Server-side and Client-side code","Full-time","Bachelor's degree in information systems, information technology, computer science, or similar","Age at most 35 years","Dhaka","Negotiable""jobTitle","category","companyName","vacancy","jobContext","jobDescription","employmentStatus","educationalReq","additionalReq","jobLocation","salary"
"Research Associate (Good Computing Skill and English)","IT Telecommunication","Bitchip Digital","2","We are looking for a few motivated research associates to join our team who are good in English and have great computing skills (Especially internet browsing skills). We will teach you what you will have to do.","Collecting data and info of different businesses from the internet.","Full-time","Bachelor degree in any discipline","Age 22 to 27 years","Dhaka (Uttara)","Tk. 13000 (Monthly)""jobTitle","category","companyName","vacancy","jobContext","jobDescription","employmentStatus","educationalReq","additionalReq","jobLocation","salary"
"Head of Department- IT","IT Telecommunication","A Renowned Group of Companies","01","We are looking to onboard a Senior IT specialist who has experience in leading a technical team. He will be responsible for managing group IT-related operations, designing and implementing applications according to the demand to automate and simplify our work process.","Manage all technology operations and evaluate them in accordance with established company goals.","Full-time","B.Sc / M.Sc in Computer Science Engineering from a Government or reputed UGC-approved institute.","Age at least 35 years","Dhaka (GULSHAN 1)","Negotiable""jobTitle","category","companyName","vacancy","jobContext","jobDescription","employmentStatus","educationalReq","additionalReq","jobLocation","salary"
"Software Engineer","IT Telecommunication","ASA","02","ASA is one of the biggest MFIs in the world with around 26 thousand employees serving around 73 lakh clients across the country. Here all the applications are developed by our own in-house IT team. ASA is in the process of digital transformation of its 3073 branches` operations which involve per day more than 90 (ninety) lakh transactions in the system of more than 25000 users. ASA welcomes you to take the initial challenges in this process.","Requirement analysis, design and development of the enhancement and modification request forwarded by different stakeholders.","Full-time","B.Sc./ M.Sc. in CSE/ IT/ MIS/ Software Engineering/ ECE/ EEE or equivalent and relevant engineering degree.","Age at most 32 years","Dhaka","Tk. 70000 (Monthly)For highly qualified & experienced candidates, initial salary may be slightly negotiable. Probation period will be 1 (one) year long. After successful completion of the probationary period, the employee will be accommodated in the regular Pay Scale of ASA.""jobTitle","category","companyName","vacancy","jobContext","jobDescription","employmentStatus","educationalReq","additionalReq","jobLocation","salary"
"Senior PHP Programmer CodeIgniter (Urgent)","IT Telecommunication","Sunshine","2","We are looking for 3-6 Years Experience CodeIgniter  PHP Programmer with skills and experience in building modern web applications using CodeIgniter Framework","Must Be Knowledge of CodeIgniter (PHP)","Full-time","Bachelor degree in any discipline","Age 20 to 35 years","Dhaka, Dhaka (PanthaPath)","Tk. 25000 - 30000 (Monthly)""jobTitle","category","companyName","vacancy","jobContext","jobDescription","employmentStatus","educationalReq","additionalReq","jobLocation","salary"
"Front-End Developers (React.JS)","IT Telecommunication","Technext Limited","1","We are looking for programmers with a keen eye for design for the position of front end developer. Front end developers are responsible for ensuring the alignment of web design and user experience requirements, optimizing web pages for maximum efficiency, and maintaining brand consistency across all web pages, among other duties.
Front end developers are required to work in teams alongside back end developers, graphic designers, and user experience designers to ensure all elements of web creation are consistent. This requires excellent communication and interpersonal skills.","We are looking for programmers with a keen eye for design for the position of front end developer. Front end developers are responsible for ensuring the alignment of web design and user experience requirements, optimizing web pages for maximum efficiency, and maintaining brand consistency across all web pages, among other duties.","Full-time","Diploma in Computer, Bachelor degree in any discipline","Age 22 to 35 years","Dhaka","Tk. 25000 - 35000 (Monthly)Based on experience""jobTitle","category","companyName","vacancy","jobContext","jobDescription","employmentStatus","educationalReq","additionalReq","jobLocation","salary"
"Senior PHP Programmer CodeIgniter (Urgent)","IT Telecommunication","Sunshine","2","We are looking for 3-6 Years Experience CodeIgniter  PHP Programmer with skills and experience in building modern web applications using CodeIgniter Framework","Must Be Knowledge of CodeIgniter (PHP)","Full-time","Bachelor degree in any discipline","Age 20 to 35 years","Dhaka, Dhaka (PanthaPath)","Tk. 25000 - 30000 (Monthly)""jobTitle","category","companyName","vacancy","jobContext","jobDescription","employmentStatus","educationalReq","additionalReq","jobLocation","salary"
"Application Developer (PHP,Python)","IT Telecommunication","Technobd Web Solutions (Pvt.) Ltd.","Not specific","Technobd Limited is a Web and Mobile App Development company since 2000, have been looking for programmers who are experience in Web Application Development specially in Python, PHP languages. The candidates must be good in English. A minimum contract length of 2 years is required.","To work on various ongoing projects.","Full-time","Bachelor of Science (BSc)","Age 24 to 30 years","Dhaka","Tk. 20000 - 30000 (Monthly)""jobTitle","category","companyName","vacancy","jobContext","jobDescription","employmentStatus","educationalReq","additionalReq","jobLocation","salary"
"Trainee Software Engineer","IT Telecommunication","Orange Business Development Ltd. (Orangebd)","20","Program Name: EDGE Project by IIT, Organized by Orangebd Ltd.

Program Focus: Training on Laravel (Framework) & DevOps


Customized Training: Trainees can choose their desired subjects for specialized learning.

Practical Learning: Trainees will work within a job environment, gaining hands-on experience.

Internship Component: The program will be counted as an internship, providing real-world exposure.

Recruitment Opportunity: Successful completion of the program can lead to full-time employment.

Gain expertise in Laravel and DevOps.
Apply skills in a professional setting during the internship.
Secure potential full-time employment with Orangebd Ltd.","Program Name: EDGE Project by IIT, Organized by Orangebd Ltd.","Full-time, Internship","Bachelor of Science (BSc) in Computer Science  Engineering, Software Engineering, Computer Science and Information System","Age at least 18 years","Dhaka (DOHS Baridhara)","Internship Allowance""jobTitle","category","companyName","vacancy","jobContext","jobDescription","employmentStatus","educationalReq","additionalReq","jobLocation","salary"
"Lead Generation Expert","IT Telecommunication","Isharify Ltd","Not specific","We are seeking a motivated and skilled Lead Generation Expert to play a key role in our marketing and sales efforts. The ideal candidate will have a strong understanding of lead generation strategies and tactics, a proven track record of success, and the ability to thrive in a fast-paced environment.","Conduct market research to identify potential leads and target audiences.","Full-time","Bachelor degree in any discipline","Age 25 to 30 years","Dhaka (Mirpur 2)","Tk. 15000 - 17000 (Monthly)""jobTitle","category","companyName","vacancy","jobContext","jobDescription","employmentStatus","educationalReq","additionalReq","jobLocation","salary"
"Full-Stack MERN/NextJs Developer","IT Telecommunication","XPONENT InfoSystem (Pvt.) Ltd.","2","Are you a skilled developer eager to be a part of a dynamic, fast-growing team working on cutting-edge SaaS applications in the digital marketing space? Our modern tech stack, featuring React, Next JS, Prisma, TailwindCSS, Node JS, Express, MongoDB, AWS, and Docker, forms the foundation of our exciting projects. We welcome developers of all experience levels who are passionate about creating clean, maintainable code and are driven to design, test, and implement innovative solutions.We’re looking to hire developers of all experience levels across our technology stack. Even if you think you’re not a perfect fit for this position, we still encourage you to apply as an intern if you have a strong grasp of modern JavaScript development and are passionate about designing, testing, and implementing clean and maintainable code.","Are you a skilled developer eager to be a part of a dynamic, fast-growing team working on cutting-edge SaaS applications in the digital marketing space? Our modern tech stack, featuring React, Next JS, Prisma, TailwindCSS, Node JS, Express, MongoDB, AWS, and Docker, forms the foundation of our exciting projects. We welcome developers of all experience levels who are passionate about creating clean, maintainable code and are driven to design, test, and implement innovative solutions.","Full-time","Bachelor of Science (BSc) in Computer Science & Engineering","Age 20 to 28 years","Chattogram","NegotiableThe actual salary will be determined based on the candidate`s experience, qualifications, and negotiation during the hiring process.""jobTitle","category","companyName","vacancy","jobContext","jobDescription","employmentStatus","educationalReq","additionalReq","jobLocation","salary"
"Full-Stack Developers (PHP, Laravel, React)","IT Telecommunication","MM IT SOFT LTD","4","Ability to complete project management.
Development team management.
Server management (whm/cpanel)
Bug fixing","Ability to complete project management.","Full-time","B.Sc in CSE or equivalent.","Age 24 to 45 years","Dhaka","Tk. 25000 - 45000 (Monthly)""jobTitle","category","companyName","vacancy","jobContext","jobDescription","employmentStatus","educationalReq","additionalReq","jobLocation","salary"
"System & Network Admin","IT Telecommunication","Dhaka Fiber Net Ltd.","5","Full access of Juniper Router & Switch.
Full access of Huawei Router & Switch.
 Full access of MikroTik Router & Switch.
 Full access of BDCOM Switch.
 Working in  NOC environment.
Team based work.","Full access of Juniper Router & Switch.","Full-time","Bachelor of Computer Application (BCA), Diploma in Computer","Age 25 to 35 years","Dhaka (PanthaPath)","Negotiable""jobTitle","category","companyName","vacancy","jobContext","jobDescription","employmentStatus","educationalReq","additionalReq","jobLocation","salary"
"Front-End Developers (React.JS)","IT Telecommunication","Technext Limited","1","We are looking for programmers with a keen eye for design for the position of front end developer. Front end developers are responsible for ensuring the alignment of web design and user experience requirements, optimizing web pages for maximum efficiency, and maintaining brand consistency across all web pages, among other duties.
Front end developers are required to work in teams alongside back end developers, graphic designers, and user experience designers to ensure all elements of web creation are consistent. This requires excellent communication and interpersonal skills.","We are looking for programmers with a keen eye for design for the position of front end developer. Front end developers are responsible for ensuring the alignment of web design and user experience requirements, optimizing web pages for maximum efficiency, and maintaining brand consistency across all web pages, among other duties.","Full-time","Diploma in Computer, Bachelor degree in any discipline","Age 22 to 35 years","Dhaka","Tk. 25000 - 35000 (Monthly)Based on experience""jobTitle","category","companyName","vacancy","jobContext","jobDescription","employmentStatus","educationalReq","additionalReq","jobLocation","salary"
"Site Reliability Engineer (Monitoring)","IT Telecommunication","ADN DigiNet Limited","Not specific","This is a role where the incumbent is responsible for applying software engineering principles to operations and infrastructure processes to help organizations manage and monitor highly reliable and scalable software systems to meet the organization`s need and to ensure high quality software products to our organization. S/he is required to have strong analytical skills to understand application life cycles and integration process flow.","Design, code, test, debug, maintain, and document for Server-side and Client-side code","Full-time","Bachelor's degree in information systems, information technology, computer science, or similar","Age at most 35 years","Dhaka","Negotiable""jobTitle","category","companyName","vacancy","jobContext","jobDescription","employmentStatus","educationalReq","additionalReq","jobLocation","salary"
"Junior Officer (IT)","IT Telecommunication","Bangladesh Institute for Professional Development Limited (BIPD)","Not specific","To compose official letters, notes, documents in Bengali & English.
To maintain updated training related data and training records.
To print Certificates as per approved list.
To communicate with different organizations, Faculty Members, Resource persons & other concerned persons regarding training affairs.
Prepare report and submit to the management.
To ensure security of data.
Digital marketing.","To compose official letters, notes, documents in Bengali & English.","Full-time","Bachelor of Science & Engineering (B.Sc)","Both males and females are allowed to apply","Dhaka (Dilkhusha)","During Probation Period:  BDT. 20,000/-""jobTitle","category","companyName","vacancy","jobContext","jobDescription","employmentStatus","educationalReq","additionalReq","jobLocation","salary"
"Executive/Senior Executive, Sales – Banking & Financial Services Department","IT Telecommunication","SSL Wireless","Not specific","We are looking for experienced Sales Professionals to join one of our Business Teams. You will be thriving to acquire new clients in the Insurance, Banking, Financial, and NGO sectors, achieve sales targets and ensure continuous growth of the company. If you are experienced in the software/service sales domain, have good networks in the insurance sector, and have knowledge of Insurtech, we are looking for you. We ensure Equal Employment Opportunity (EEO); hence, females are also highly encouraged to apply.","This position is a client-facing role; you will be responsible for understanding customers’ technological requirements and mapping them to our software solutions.","Full-time","CSE/EEE/ Business Graduate from any university","Age at least 23 years","Dhaka","Negotiable""jobTitle","category","companyName","vacancy","jobContext","jobDescription","employmentStatus","educationalReq","additionalReq","jobLocation","salary"
"Head of Department- IT","IT Telecommunication","A Renowned Group of Companies","01","We are looking to onboard a Senior IT specialist who has experience in leading a technical team. He will be responsible for managing group IT-related operations, designing and implementing applications according to the demand to automate and simplify our work process.","Manage all technology operations and evaluate them in accordance with established company goals.","Full-time","B.Sc / M.Sc in Computer Science Engineering from a Government or reputed UGC-approved institute.","Age at least 35 years","Dhaka (GULSHAN 1)","Negotiable""jobTitle","category","companyName","vacancy","jobContext","jobDescription","employmentStatus","educationalReq","additionalReq","jobLocation","salary"
"Apps Developer (Flutter)","IT Telecommunication","Spectrum IT Solutions Ltd.","2","We are looking for an outstanding Flutter Application Developer who has developed minimum two or more iOS/Android apps with Flutter; either deployed on the AppStore/Google Play or available on Github","Experience on the Entire App Life Cycle - Concept, Design, Build, Deploy, Test, Release to AppStore/Google Play and Support.","Full-time","Bachelor in Engineering (BEngg) in CSE","Age 22 to 40 years","Dhaka, Dhaka (Banglamotor)","Negotiable""jobTitle","category","companyName","vacancy","jobContext","jobDescription","employmentStatus","educationalReq","additionalReq","jobLocation","salary"
"Software Engineer (PHP/ MySQL platform)","IT Telecommunication","NNS Solution Ltd.","2","You will communicate proactively with inform, inquire about project information and also work closely with Project Manager.
You will be responsible to carryout multiple projects.
Responsible for creating/ developing large scale web application.
Ability to meet deadlines and achieve specified results.
Solid working experience on PHP framework CodeIgnator / Laravel are mandatory.
Advanced knowledge in PHP, MySQL, Oracle, JavaScript, Ajax, JSON and jQuery are mandatory.","You will communicate proactively with inform, inquire about project information and also work closely with Project Manager.","Full-time","Preferably B.Sc. in Computer Science or similar discipline.","Age 23 to 30 years","Dhaka","Negotiable""jobTitle","category","companyName","vacancy","jobContext","jobDescription","employmentStatus","educationalReq","additionalReq","jobLocation","salary"
"Lead Robotics Engineer","IT Telecommunication","Bengal Champ","01","We are seeking a highly skilled and motivated Lead Robotics Engineer to lead our robotics development team. As a Lead Robotics Engineer, you will play a pivotal role in driving the design, development, and implementation of advanced robotic systems. You will work closely with a talented team of engineers and researchers to solve complex challenges and deliver state-of-the-art robotics solutions.","Lead and mentor a team of robotics engineers, providing technical guidance and support.","Full-time","PhD in (preferred), Master of Science (MSc) in Robotics, Computer Science, Electrical & Electronic Engineering, or related field.","Age at least 30 years","Sylhet (Sylhet Sadar)","Tk. 60000 - 100000 (Monthly)What We Offer:
Competitive salary and benefits package.
Opportunity to work on cutting-edge robotics projects.
Collaborative and innovative work environment.
Career growth and development opportunities.
Chance to make a significant impact in the field of robotics.""jobTitle","category","companyName","vacancy","jobContext","jobDescription","employmentStatus","educationalReq","additionalReq","jobLocation","salary"
"Senior Software Engineer (PHP, Laravel & WordPress)","IT Telecommunication","IOVISION","Not specific","We are looking for talented software engineers who have working experience with PHP (Laravel & WordPress ) for more than 6 years.","Design and develop website and web application using PHP (OOP), Laravel, CodeIgniter and WordPress.","Full-time","Bachelor in Engineering (BEngg) in CSE, Bachelor of Science (BSc) in Computer Science, Masters in Computer Application (MCA), Master of Science (MSc) in Computer Science","Age 28 to 45 years","Dhaka (Mohammadpur)","Tk. 55000 - 90000 (Monthly)""jobTitle","category","companyName","vacancy","jobContext","jobDescription","employmentStatus","educationalReq","additionalReq","jobLocation","salary"
"Software Engineer","IT Telecommunication","ASA","02","ASA is one of the biggest MFIs in the world with around 26 thousand employees serving around 73 lakh clients across the country. Here all the applications are developed by our own in-house IT team. ASA is in the process of digital transformation of its 3073 branches` operations which involve per day more than 90 (ninety) lakh transactions in the system of more than 25000 users. ASA welcomes you to take the initial challenges in this process.","Requirement analysis, design and development of the enhancement and modification request forwarded by different stakeholders.","Full-time","B.Sc./ M.Sc. in CSE/ IT/ MIS/ Software Engineering/ ECE/ EEE or equivalent and relevant engineering degree.","Age at most 32 years","Dhaka","Tk. 70000 (Monthly)For highly qualified & experienced candidates, initial salary may be slightly negotiable. Probation period will be 1 (one) year long. After successful completion of the probationary period, the employee will be accommodated in the regular Pay Scale of ASA.""jobTitle","category","companyName","vacancy","jobContext","jobDescription","employmentStatus","educationalReq","additionalReq","jobLocation","salary"
"Full Stack Web Developer","IT Telecommunication","Spectrum IT Solutions Ltd.","3","Full Stack Web Developer (PHP, Laravel, React, jQuery, Bootstrap, CSS)
We are looking for a young, energetic and target oriented, self-motivated, and proactive person to employee as Web Developer, who has the experience at least 3-4 years of proven experience in the corporate sector for meaningful contribution to our company to reach the organization`s goal.
Those who are interested to join with our team immediately are encouraged to apply.
Those who want to stay for long time (at least 3 years) with the company are encouraged to apply.","Full Stack Web Developer (PHP, Laravel, React, jQuery, Bootstrap, CSS)","Full-time","Bachelor of Science (BSc) in CSE","Age 25 to 40 years","Dhaka (Banglamotor)","Negotiable""jobTitle","category","companyName","vacancy","jobContext","jobDescription","employmentStatus","educationalReq","additionalReq","jobLocation","salary"
"System Engineer - Core Network (IP & Data)","IT Telecommunication","Intercloud Limited","Not specific","Configuring different IP Routing Protocols (BGP/OSPF/IS-IS etc), Switching service, NNI-Options & Network/System Security protocols.
Design and implement technical solution for IP/MPLS backbone.
ISP/IIG/IX Core Network & System Operations, Maintenance & Up-gradation
Have to work on different vendor platform i.e Cisco Router and Switch (IOS XE and IOS XR Platform), Cisco Firewall, FortiNet , MikroTik.
Troubleshooting of Corporate/ISP customers' connectivity issues in edge devices, understanding their requirements and provide solution accordingly
Maintaining different Network Monitoring Tools i.e Cacti, Nagios, Smokeping, Observium etc. in linux based environment
Responsible for handling customer complaints for maintaining high quality of service.
Products/Technical knowledge update through self-learning techniques, to meet upcoming service requirements.","Configuring different IP Routing Protocols (BGP/OSPF/IS-IS etc), Switching service, NNI-Options & Network/System Security protocols.","Full-time","Bachelor of Science (BSc) in EEE, ETE, CSE, Telecommunication etc.","Age 24 to 32 years","Dhaka","Negotiable""jobTitle","category","companyName","vacancy","jobContext","jobDescription","employmentStatus","educationalReq","additionalReq","jobLocation","salary"
"Research Associate (Good Computing Skill and English)","IT Telecommunication","Bitchip Digital","2","We are looking for a few motivated research associates to join our team who are good in English and have great computing skills (Especially internet browsing skills). We will teach you what you will have to do.","Collecting data and info of different businesses from the internet.","Full-time","Bachelor degree in any discipline","Age 22 to 27 years","Dhaka (Uttara)","Tk. 13000 (Monthly)""jobTitle","category","companyName","vacancy","jobContext","jobDescription","employmentStatus","educationalReq","additionalReq","jobLocation","salary"
"IT Manager/Database Manager","IT Telecommunication","Engineers and Consultants Bangladesh Ltd.","1","Database Management of ECBL.
Web searching/surfing.
Domain Maintenance of ECBL.
Communication with National & International Consulting Firms and Companies.
Searching and downloading required documents i.e. Design & Drawing, Maps, Documents and Information etc. 
Update and Maintenance of ECBL Website.
Prepare Presentation Document and Present as per requirements.
Database query, identification, response and presentation. 
Should have skill in internet web search and other kind of internet task and any other task assigned by the authority as per company policy.
Maintain and Configure Router & any kind of Wi-Fi router/switch & LAN/WAN 
Diagnosing and fixing network problems and hardware or software faults. 
Response to technical support calls from end users of computers and software applications. 
Should perform any other assignment from top management.
Good in English speaking and writing.","Database Management of ECBL.","Full-time","Diploma/Graduate in CSE or any engineering discipline/Management on having above skills from any well reputed Institution/University.","Age 25 to 35 years","Dhaka (Dhanmondi)","Negotiable""jobTitle","category","companyName","vacancy","jobContext","jobDescription","employmentStatus","educationalReq","additionalReq","jobLocation","salary"
"Content Writer (Web & Blog)","IT Telecommunication","Eicra Soft Ltd.","04","SEO Friendly SEO Content Writer: Search engine optimization , Social media marketing","1. Writing compelling titles that capture the attention of search engine users","Full-time","Educational Qualification can be relaxed for deserving candidates.","Age 22 to 30 years","Dhaka","NegotiableSalary will be determined based on the skills and value you bring to the table.""jobTitle","category","companyName","vacancy","jobContext","jobDescription","employmentStatus","educationalReq","additionalReq","jobLocation","salary"
"WordPress & SEO Expert","IT Telecommunication","Tritech Building Services Ltd.","1","Designing, developing, and maintaining WordPress websites using custom themes or templates, ensuring responsiveness, functionality, and performance optimization.
	Customizing and extending WordPress plugins to meet specific project requirements.
	Collaborating with designers, content creators, and other team members to translate business objectives into effective and visually appealing websites.
	Conducting keyword research and on-page SEO audits to identify opportunities for optimization and improved organic rankings.
	Implementing technical SEO strategies, such as optimizing site structure, meta tags, schema markup, XML sitemaps, and website speed.
	Developing and executing off-page SEO strategies, including link building, content promotion, and social media integration.
	Monitoring website performance, analyzing data from tools like Google Analytics and Search Console, and generating regular reports to track SEO progress and identify areas for improvement.
	Staying up-to-date with the latest SEO trends, algorithm updates, and industry best practices.
	Providing guidance and recommendations to internal stakeholders on website improvements, content optimization, and SEO strategies.
	Assisting with website maintenance tasks, such as backups, security updates, and bug fixes.","Designing, developing, and maintaining WordPress websites using custom themes or templates, ensuring responsiveness, functionality, and performance optimization.","Full-time","Bachelor of Computer Application (BCA)","Age 30 to 35 years","Dhaka","Tk. 35000 - 40000 (Monthly)"