"jobTitle","category","companyName","vacancy","jobContext","jobDescription","employmentStatus","educationalReq","additionalReq","jobLocation","salary"
"সিকিউরিটি গার্ড","NGO Development","Bangladesh Women Chamber of Commerce & Industry (BWCCI)","05","গাজীপুর ট্রেনিং সেন্টার (বিডব্লিউসিসিআই), ইসলামপুর, সাহাপাড়া, থানা: বাসন, গাজীপুর সদর উপজেলা, গাজীপুর ।","সঠিক নিরাপত্তা বাস্তবায়ন নিশ্চিত করা এবং নিয়মিতভাবে সংশ্লিষ্ট সুপারভাইজার এবং দায়িত্বপ্রাপ্ত কেন্দ্র ব্যবস্থাপককে অবহিত করা","Contractual","SSC","Age at least 25 years","গাজীপুর","Negotiable""jobTitle","category","companyName","vacancy","jobContext","jobDescription","employmentStatus","educationalReq","additionalReq","jobLocation","salary"
"Logistics & Procurement Officer","NGO Development","Centre for Disability in Development (CDD)","Not specific","The Centre for Disability in Development (CDD) is a not for profit organization established in 1996 to develop a more inclusive society for persons with disabilities. CDD simultaneously builds technical capacities of the development stakeholders and the communities in how to be more inclusive whilst also enabling persons with a disability to participate in society by strengthening their leadership and providing them with essential rehabilitation and other supports.
CDD is one of the most renowned organizations in the field of disability-inclusive development. CDD`s work in Bangladesh is supported by international and national donor agencies/development partners. CDD offers an inclusive, amicable, and respectable work environment.
The Ramon Magsaysay Award (Asian version of the Noble prize) has been awarded to its Executive Director in 2010. In 2018, CDD was recognized by the Government of Bangladesh as one of the best organizations working on disability and development issues.","The Centre for Disability in Development (CDD) is a not for profit organization established in 1996 to develop a more inclusive society for persons with disabilities. CDD simultaneously builds technical capacities of the development stakeholders and the communities in how to be more inclusive whilst also enabling persons with a disability to participate in society by strengthening their leadership and providing them with essential rehabilitation and other supports.","Full-time, Contractual","Bachelor or Master Degree in any discipline;","Age at most 45 years","Dhaka (Savar)","Tk. 40000 (Monthly)""jobTitle","category","companyName","vacancy","jobContext","jobDescription","employmentStatus","educationalReq","additionalReq","jobLocation","salary"
"Regional Coordinator","NGO Development","WeGro Technologies Limited","2","WeGro Technologies Limited is an agri fintech, connecting individuals and institutional financiers with farmers and their agricultural projects, whereby small holder farmers receive finance, input and market. To supervise the regional office of WeGro and oversee the region`s small-scale farmers` access to credit and financing, the company is looking for an experienced and analytically focused expert. The regional coordinator is responsible for enhancing communication between the input retail team, output supply chain team, and finance and accounting team at the regional offices. Through increasing repeat usage, the rate at which subscriptions are renewed, and the average ticket size, the regional coordinator will directly manage the farmer financing portfolio of WeGro and assure development while controlling credit risk and recovery. Also, the regional coordinator will oversee business operations and P&L for the ""WeGro Centers."" The regional coordinator will solely serve as a coordinator for the supply chain and agribusiness, collaborating closely with regional input and supply.","Management and coordination of the regional WeGro office overall","Full-time","Masters degree in any discipline","Age 30 to 40 years","Rajshahi, Rangpur","Tk. 40000 (Monthly)Salary review: Once in a year
Weekly holidays
2 yearly festival bonus""jobTitle","category","companyName","vacancy","jobContext","jobDescription","employmentStatus","educationalReq","additionalReq","jobLocation","salary"
"Logistics & Supplies Assistant","NGO Development","Centre for Disability in Development (CDD)","Not specific","The Centre for Disability in Development (CDD) is a not for profit organization established in 1996 to develop a more inclusive society for persons with disabilities. CDD simultaneously builds technical capacities of the development stakeholders and the communities in how to be more inclusive whilst also enabling persons with a disability to participate in society by strengthening their leadership and providing them with essential rehabilitation and other supports.
CDD is one of the most renowned organizations in the field of disability-inclusive development. CDD`s work in Bangladesh is supported by international and national donor agencies/development partners. CDD offers an inclusive, amicable, and respectable work environment.
The Ramon Magsaysay Award (Asian version of the Noble prize) has been awarded to its Executive Director in 2010. In 2018, CDD was recognized by the Government of Bangladesh as one of the best organizations working on disability and development issues.
CDD Office is now accepting applications for the project of ""Ensuring the overall well-being and resilience of Rohingya and host community in a protected environment where children can learn and thrive"" Supported by AHP. The duration of the project up to December 2023, high possibility to extend (subject to Fund availability and NGO Affairs Bureau approval).","The Centre for Disability in Development (CDD) is a not for profit organization established in 1996 to develop a more inclusive society for persons with disabilities. CDD simultaneously builds technical capacities of the development stakeholders and the communities in how to be more inclusive whilst also enabling persons with a disability to participate in society by strengthening their leadership and providing them with essential rehabilitation and other supports.","Full-time, Contractual","Bachelor's Degree in Business Administration or any other discipline","Age at most 45 years","Cox's Bazar (Ukhia)","Tk. 23000 (Monthly)""jobTitle","category","companyName","vacancy","jobContext","jobDescription","employmentStatus","educationalReq","additionalReq","jobLocation","salary"
"Senior Officer - Internal Audit (Re-Advertisement)","NGO Development","Bandhu Social Welfare Society","01","Dedicate solid time under direct supervision of Asst. Manager-Internal Audit in planning, designing, reviewing, checking of required documents to ensure full compliance in view of Bandhu Financial procedures or donor requirement. 
Assist the Asst. Manager-Internal Audit to review, update and ensure the implementation of internal control policies and procedures.
Assist the Asst. Manager-Internal Audit to design internal audit plan for program and finance.
Review day to day transactions and give feedback to the respective person/s.
Perform internal audits of Bandhu's operations in line with approved annual plan to assess the effectiveness of internal controls & compliance with Bandhu's policies/procedures or donor's guideline. 
Review financial records and other reports, systems and controls maintained by Bandhu.
Contribute in preparing different reports concerning on financial views & analysis as well as producing audit report. 
Provide assistance to Asst. Manager - Internal Audit to undertake investigations on frauds and irregularities at management requests/ in line with Bandhu's and donor guideline and as follow up on regular audit findings. 
Document internal audit testing in audit work papers, detailing the procedures performed results of testing and conclusions reached.
Assist Asst. Manager-Internal Audit to identify control weaknesses and areas of actual or potential non-compliance with Bandhu and donor requirements and summarize these in an internal audit report, containing observations and internal control and procedural improvement recommendations.
Coordinate and conduct internal audits of Bandhu's partners and ensure they are in compliance with their policies and procedures.
Prepare and update of the fixed asset register and assist asset management of the organization and contribute to procurement procedures. 
Assist Finance department in complying financial and other policy & procedures reviewing necessary documents during final settlement of financial dealing. 
Work with Finance department in facing external audit or donor requirements
Any other activities as required / defined by the organization in terms of internal audit, internal control.","Dedicate solid time under direct supervision of Asst. Manager-Internal Audit in planning, designing, reviewing, checking of required documents to ensure full compliance in view of Bandhu Financial procedures or donor requirement.","Full-time","Master of Commerce (MCom) in Accounting and Finance","Age 25 to 30 years","Anywhere in Bangladesh","Tk. 39930 (Monthly)""jobTitle","category","companyName","vacancy","jobContext","jobDescription","employmentStatus","educationalReq","additionalReq","jobLocation","salary"
"Project Accountant","NGO Development","Centre for Disability in Development (CDD)","01","The Centre for Disability in Development (CDD) is a not for profit organization established in 1996 to develop a more inclusive society for persons with disabilities. CDD simultaneously builds technical capacities of the development stakeholders and the communities in how to be more inclusive whilst also enabling persons with a disability to participate in society by strengthening their leadership and providing them with essential rehabilitation and other supports.
CDD is one of the most renowned organizations in the field of disability-inclusive development. CDD`s work in Bangladesh is supported by international and national donor agencies/development partners. CDD offers an inclusive, amicable, and respectable work environment.
The Ramon Magsaysay Award (Asian version of the Noble prize) has been awarded to its Executive Director in 2010. In 2018, CDD was recognized by the Government of Bangladesh as one of the best organizations working on disability and development issues.
CDD Office is now accepting applications for Monitoring, Evaluation, Accountability and Learning (MEAL) Officer.
CDD Office is now accepting applications for the Project of ""Ensuring the overall well-being and resilience of Rohingya and host community in a protected environment where children can learn and thrive"" Supported by AHP. The contract duration of the position is upto December 2023, high possibility to extend (subject to Fund availability and NGO Affairs Bureau Approval).","The Centre for Disability in Development (CDD) is a not for profit organization established in 1996 to develop a more inclusive society for persons with disabilities. CDD simultaneously builds technical capacities of the development stakeholders and the communities in how to be more inclusive whilst also enabling persons with a disability to participate in society by strengthening their leadership and providing them with essential rehabilitation and other supports.","Full-time, Contractual","Bachelor degree in Accounting, Finance or business background","Age at most 45 years","Cox's Bazar (Ukhia)","Tk. 60000 (Monthly)""jobTitle","category","companyName","vacancy","jobContext","jobDescription","employmentStatus","educationalReq","additionalReq","jobLocation","salary"
"Officer (Admin & Procurement)","NGO Development","Bangladesh Women Chamber of Commerce & Industry (BWCCI)","01","The Admin and Procurement Officer will manage and execute administrative and procurement activities associated with the project. Reporting directly to the Coordinator (Finance) and Chief Coordinator, He/she will have to:
Serve as key point of administrative contact and liaison with internal and external stakeholders,
Provide direct support to the project staff,
Conduct and administer the day-to-day activities of the project;
Facilitates logistics, resource management, procurement and administration procedures and documentation,
Maintain inventory of goods procured under the project;
Assist in database management;
Manage procurement related formalities as per the PPR, PPA and ADB's guideline
Perform miscellaneous job-related duties as assigned by the supervisor. She/he will also work on HR and administrative related tasks/ issues.","The Admin and Procurement Officer will manage and execute administrative and procurement activities associated with the project. Reporting directly to the Coordinator (Finance) and Chief Coordinator, He/she will have to:","Contractual","Master of Commerce (MCom)","Age 30 to 45 years","Dhaka","Negotiable""jobTitle","category","companyName","vacancy","jobContext","jobDescription","employmentStatus","educationalReq","additionalReq","jobLocation","salary"
"Manager, Communication & Business Development","NGO Development","Alokito Poth","04","This role is designed to explore new donors/sponsors in country through a regular business development meeting.
Office Hours: Saturday to Thursday (10 AM to 6 PM).","This role is designed to explore new donors/sponsors in country through a regular business development meeting.","Full-time","Bachelor degree in any discipline","Age 18 to 40 years","Dhaka","Negotiable""jobTitle","category","companyName","vacancy","jobContext","jobDescription","employmentStatus","educationalReq","additionalReq","jobLocation","salary"
"Monitoring & Evaluation Officer, Food Security Project with Host Community","NGO Development","World Renew Community Development Program (SATHI)","01","This position is primarily responsible for conducting the ongoing monitoring activities following the project guideline. To collect, manage, analyze all project data and produce relevant report. Actively involve and lead the different surveys and assessment, such as Annual assessment, Baseline and EOP, qualitative and quantities surveys and PRA surveys. Also,will actively participate at the project evaluation session. Responsible for developing reports of different surveys and monitoring sessions and disseminating the findings with different stakeholders and management for taking appropriate action.","","Full-time","Master of Social Science (MSS)","Age 27 to 40 years","Cox's Bazar (Teknaf)","Tk. 55000 - 56000 (Monthly)""jobTitle","category","companyName","vacancy","jobContext","jobDescription","employmentStatus","educationalReq","additionalReq","jobLocation","salary"
"Inclusive Education Facilitator","NGO Development","Centre for Disability in Development (CDD)","Not specific","The Centre for Disability in Development (CDD) is a not for profit organization established in 1996 to develop a more inclusive society for persons with disabilities. CDD simultaneously builds technical capacities of the development stakeholders and the communities in how to be more inclusive whilst also enabling persons with a disability to participate in society by strengthening their leadership and providing them with essential rehabilitation and other supports.
CDD is one of the most renowned organizations in the field of disability-inclusive development. CDD`s work in Bangladesh is supported by international and national donor agencies/development partners. CDD offers an inclusive, amicable, and respectable work environment.
The Ramon Magsaysay Award (Asian version of the Noble prize) has been awarded to its Executive Director in 2010. In 2018, CDD was recognized by the Government of Bangladesh as one of the best organizations working on disability and development issues.
CDD Office is now accepting applications for the project of ""Ensuring the overall well-being and resilience of Rohingya and host community in a protected environment where children can learn and thrive"" Supported by AHP. The duration of the project up to December 2023, high possibility to extend (subject to Fund availability and NGO Affairs Bureau Approval).","The Centre for Disability in Development (CDD) is a not for profit organization established in 1996 to develop a more inclusive society for persons with disabilities. CDD simultaneously builds technical capacities of the development stakeholders and the communities in how to be more inclusive whilst also enabling persons with a disability to participate in society by strengthening their leadership and providing them with essential rehabilitation and other supports.","Full-time, Contractual","B.Sc in Education, B.Sc in Occupational Therapy, Special Education, Social Science or a related field have experience to work in disability inclusion or in inclusive education (Master's degree preferred)","Age at most 45 years","Cox's Bazar (Ukhia)","Tk. 66500 (Monthly)""jobTitle","category","companyName","vacancy","jobContext","jobDescription","employmentStatus","educationalReq","additionalReq","jobLocation","salary"
"ক্লিনার","NGO Development","Bangladesh Women Chamber of Commerce & Industry (BWCCI)","01","প্রতিদিন অফিস ডেস্ক, অন্যান্য আসবাবপত্র এবং প্রশিক্ষনার্থীদের রুম পরিষ্কার করা।
অফিস পরিষ্কার পরিচ্ছন্নতা বজায় রাখা।
বাথরুম, ফ্লোর যথাযথ ভাবে পরিষ্কার করা।
নির্ধারিত এরিয়া সঠিকভাবে এবং নিয়মিত পরিষ্কার করা
পুরো এরিয়া জীবাণুমুক্ত এবং অন্যান্য অনিষ্টকারী কীট ও বালাই থেকে মুক্ত রাখা।
অর্পিত দায়িত্ব অত্যন্ত যত্ন, পেশাদারিত্ব এবং সততার সাথে করা ।
সব ধরনের বর্জ্য পরিষ্কার করার মানসিকতা থাকতে হবে।
ম্যানেজমেন্ট দ্বারা প্রদত্ত অন্যান্য কাজ করা।","প্রতিদিন অফিস ডেস্ক, অন্যান্য আসবাবপত্র এবং প্রশিক্ষনার্থীদের রুম পরিষ্কার করা।","Contractual","8 Pass","Age at least 20 years","গাজীপুর","Negotiable""jobTitle","category","companyName","vacancy","jobContext","jobDescription","employmentStatus","educationalReq","additionalReq","jobLocation","salary"
"বাবুর্চি","NGO Development","Bangladesh Women Chamber of Commerce & Industry (BWCCI)","02","দৈনিক ৫০-৭০ জনের তিন বেলা খাবার এবং টিফিন প্রস্তুত করা,
রান্নার, খাওয়া-দাওয়ার বাসন-পত্র এবং রান্না ঘর পরিষ্কার পরিচ্ছন্ন রাখা।","দৈনিক ৫০-৭০ জনের তিন বেলা খাবার এবং টিফিন প্রস্তুত করা,","Contractual","8 Pass","Age at least 25 years","গাজীপুর","Negotiable""jobTitle","category","companyName","vacancy","jobContext","jobDescription","employmentStatus","educationalReq","additionalReq","jobLocation","salary"
"Assistant - Immunization","NGO Development","Save the Children","Not specific","Save the Children invites applications for the above-mentioned position. Qualified women are strongly encouraged to apply. Minimum requirements will be flexible for potential female candidates.","The Assistant - Immunization role holder will implement and take charge of immunization activities in the PHCC & HP and outreach and will be responsible for ensuring the provision of high-quality EPI services to the local catchment populations. Along with the PHCC and HP team, the incumbent will contribute to improving the SCI's existing health programs in the camps.","Contractual","Preferred Professional Certification: Registered with BMDC","At least one year of working experience in a similar role","Cox's Bazar (Teknaf)","""jobTitle","category","companyName","vacancy","jobContext","jobDescription","employmentStatus","educationalReq","additionalReq","jobLocation","salary"
"Inclusive Education Facilitator","NGO Development","Centre for Disability in Development (CDD)","Not specific","The Centre for Disability in Development (CDD) is a not for profit organization established in 1996 to develop a more inclusive society for persons with disabilities. CDD simultaneously builds technical capacities of the development stakeholders and the communities in how to be more inclusive whilst also enabling persons with a disability to participate in society by strengthening their leadership and providing them with essential rehabilitation and other supports.
CDD is one of the most renowned organizations in the field of disability-inclusive development. CDD`s work in Bangladesh is supported by international and national donor agencies/development partners. CDD offers an inclusive, amicable, and respectable work environment.
The Ramon Magsaysay Award (Asian version of the Noble prize) has been awarded to its Executive Director in 2010. In 2018, CDD was recognized by the Government of Bangladesh as one of the best organizations working on disability and development issues.
CDD Office is now accepting applications for the project of ""Ensuring the overall well-being and resilience of Rohingya and host community in a protected environment where children can learn and thrive"" Supported by AHP. The duration of the project up to December 2023, high possibility to extend (subject to Fund availability and NGO Affairs Bureau Approval).","The Centre for Disability in Development (CDD) is a not for profit organization established in 1996 to develop a more inclusive society for persons with disabilities. CDD simultaneously builds technical capacities of the development stakeholders and the communities in how to be more inclusive whilst also enabling persons with a disability to participate in society by strengthening their leadership and providing them with essential rehabilitation and other supports.","Full-time, Contractual","B.Sc in Education, B.Sc in Occupational Therapy, Special Education, Social Science or a related field have experience to work in disability inclusion or in inclusive education (Master's degree preferred)","Age at most 45 years","Cox's Bazar (Ukhia)","Tk. 66500 (Monthly)""jobTitle","category","companyName","vacancy","jobContext","jobDescription","employmentStatus","educationalReq","additionalReq","jobLocation","salary"
"Non-Communicable Diseases (NCDs) Consultant","NGO Development","JICA","1","The Project for Strengthening Health Care Systems for Preventing Non-Communicable Diseases, implemented by the Ministry of Health and Family Welfare and supported by JICA, is aimed at improving quality of essential NCD prevention and care services in rural and urban areas in Bangladesh.
Workplace Dhaka (with visit to Comilla, Cox`s Bazar and Narsingdi as part of business trip).","The Project for Strengthening Health Care Systems for Preventing Non-Communicable Diseases, implemented by the Ministry of Health and Family Welfare and supported by JICA, is aimed at improving quality of essential NCD prevention and care services in rural and urban areas in Bangladesh.","Contractual","MBBS","At least 4 year(s) for health-related project.","Dhaka","""jobTitle","category","companyName","vacancy","jobContext","jobDescription","employmentStatus","educationalReq","additionalReq","jobLocation","salary"
"Community Health Consultant","NGO Development","JICA","1","The Project for Strengthening Health Care Systems for Preventing Non-Communicable Diseases, implemented by the Ministry of Health and Family Welfare and supported by JICA, is aimed at improving quality of essential NCD prevention and care services in rural and urban areas in Bangladesh.
Workplace Dhaka (with visit to Comilla, Cox`s Bazar and Narsingdi as part of business trip).","The Project for Strengthening Health Care Systems for Preventing Non-Communicable Diseases, implemented by the Ministry of Health and Family Welfare and supported by JICA, is aimed at improving quality of essential NCD prevention and care services in rural and urban areas in Bangladesh.","Contractual","MBBS","At least 4 year(s) for health-related project","Dhaka","""jobTitle","category","companyName","vacancy","jobContext","jobDescription","employmentStatus","educationalReq","additionalReq","jobLocation","salary"
"Deputy Manager, MIS, Migration Programme (Project Staff)","NGO Development","BRAC","Not specific","Assist in developing monitoring tools and formats, collect periodical data from the field and prepare M&E reports. Prepare MIS and other reports for the programme. Design various templates and prepare monthly flash updates/fact sheets for the programmeAssist the project staff and local level partners in ensuring M&E related activities of the projects.Conduct regular monitoring visits to the field to oversee the progress of the project and partner’s activities.Coordination with the BRAC technology department, vendor, and others to carry out the digitalization work of the Migration Programme.Schedules and produces periodic reports regarding MIS performance.Performs other related duties as assignedEnsure the safety of Programme Participants, people who come into contact with the organisation and team members from any harm, abuse, neglect, harassment and exploitation including sexual exploitation and abuse (SEA) to achieve the programme's goals of safeguarding implementation. Act as a key source of support, guidance and expertise on safeguarding for establishing a safe working environment.Practice, promote and endorse the issues of safeguarding policy among team members and ensure the implementation of safeguarding standards in every course of action.Follow the safeguarding reporting procedure in case any reportable incident takes place and encourage others to do so.","Assist in developing monitoring tools and formats, collect periodical data from the field and prepare M&E reports.","Full-time","Masters preferably in CSE, MIS, Statistics, Social science or any other relevant discipline from any recognised university.","Age at most 40 years","Dhaka","Negotiable""jobTitle","category","companyName","vacancy","jobContext","jobDescription","employmentStatus","educationalReq","additionalReq","jobLocation","salary"
"Deputy Manager, Branding, Visibility and Social Media, Migration Programme (Project Staff)","NGO Development","BRAC","Not specific","Help shape and communicate project’s goal and objectives and translate brand elements into communications plans and IEC/BCC materials, such as leaflets, posters, flip charts, booklets, manual, AV, etc. for dissemination to raise awareness on migration and reintegrationSupport the development of project’s communication strategies aligned to the programme, and donor strategies, and be responsible for its effective implementation.Responsible for designing, planning, implementing, evaluating, managing the communication, branding visibility and social media activities of Migration programmePrepare quarterly content plans for social media and other medias. And inform the public about the general objectives of the project on social media, TV, radio and in newspapers as well as by conducting meetings with the local population, and media.Develop impactful social media content for digital awareness, conduct digital campaigns, and produce quarterly basis report. Responsible for preparing report related to awareness interventions, and other reports as assigned by using different charts and graphs, and infographics for senior management and donor. Prepare and disseminate up-to-date information on project activities at the local, national and international levels (press-releases, flash update, etc.) based on inputs from the Project Lead;Support in-line supervisor in organizing and facilitating seminars, working meetings, trainings, policy dialogue, press conference, rally, fair, international day celebration, etc. for staff, national and international stakeholders. Support the design and manage various talk shows, documentary, docudrama, fiction, drama series, and public service announcement as a video advocacy for protecting migrant worker rights;Provide editorial and management support in publications and prepare quarterly and annual reports. Provide professional support and feedback for ensuring maximum outcomes & impact.Networking with local, national, and regional alliance on migration related media awareness.Ensure the safety of Programme Participants, people who come into contact with the organisation and team members from any harm, abuse, neglect, harassment and exploitation including sexual exploitation and abuse (SEA) to achieve the programme's goals of safeguarding implementation. Act as a key source of support, guidance and expertise on safeguarding for establishing a safe working environment.Practice, promote and endorse the issues of safeguarding policy among team members and ensure the implementation of safeguarding standards in every course of action.Follow the safeguarding reporting procedure in case any reportable incident takes place and encourage others to do so.","Help shape and communicate project’s goal and objectives and translate brand elements into communications plans and IEC/BCC materials, such as leaflets, posters, flip charts, booklets, manual, AV, etc. for dissemination to raise awareness on migration and reintegration","Full-time","Masters preferably in social science/ business studies or any other relevant discipline from any recognised university.","Age at most 40 years","Dhaka","Negotiable""jobTitle","category","companyName","vacancy","jobContext","jobDescription","employmentStatus","educationalReq","additionalReq","jobLocation","salary"
"Officer (Admin & Procurement)","NGO Development","Bangladesh Women Chamber of Commerce & Industry (BWCCI)","01","The Admin and Procurement Officer will manage and execute administrative and procurement activities associated with the project. Reporting directly to the Coordinator (Finance) and Chief Coordinator, He/she will have to:
Serve as key point of administrative contact and liaison with internal and external stakeholders,
Provide direct support to the project staff,
Conduct and administer the day-to-day activities of the project;
Facilitates logistics, resource management, procurement and administration procedures and documentation,
Maintain inventory of goods procured under the project;
Assist in database management;
Manage procurement related formalities as per the PPR, PPA and ADB's guideline
Perform miscellaneous job-related duties as assigned by the supervisor. She/he will also work on HR and administrative related tasks/ issues.","The Admin and Procurement Officer will manage and execute administrative and procurement activities associated with the project. Reporting directly to the Coordinator (Finance) and Chief Coordinator, He/she will have to:","Contractual","Master of Commerce (MCom)","Age 30 to 45 years","Dhaka","Negotiable""jobTitle","category","companyName","vacancy","jobContext","jobDescription","employmentStatus","educationalReq","additionalReq","jobLocation","salary"
"Project Accountant","NGO Development","Centre for Disability in Development (CDD)","01","The Centre for Disability in Development (CDD) is a not for profit organization established in 1996 to develop a more inclusive society for persons with disabilities. CDD simultaneously builds technical capacities of the development stakeholders and the communities in how to be more inclusive whilst also enabling persons with a disability to participate in society by strengthening their leadership and providing them with essential rehabilitation and other supports.
CDD is one of the most renowned organizations in the field of disability-inclusive development. CDD`s work in Bangladesh is supported by international and national donor agencies/development partners. CDD offers an inclusive, amicable, and respectable work environment.
The Ramon Magsaysay Award (Asian version of the Noble prize) has been awarded to its Executive Director in 2010. In 2018, CDD was recognized by the Government of Bangladesh as one of the best organizations working on disability and development issues.
CDD Office is now accepting applications for Monitoring, Evaluation, Accountability and Learning (MEAL) Officer.
CDD Office is now accepting applications for the Project of ""Ensuring the overall well-being and resilience of Rohingya and host community in a protected environment where children can learn and thrive"" Supported by AHP. The contract duration of the position is upto December 2023, high possibility to extend (subject to Fund availability and NGO Affairs Bureau Approval).","The Centre for Disability in Development (CDD) is a not for profit organization established in 1996 to develop a more inclusive society for persons with disabilities. CDD simultaneously builds technical capacities of the development stakeholders and the communities in how to be more inclusive whilst also enabling persons with a disability to participate in society by strengthening their leadership and providing them with essential rehabilitation and other supports.","Full-time, Contractual","Bachelor degree in Accounting, Finance or business background","Age at most 45 years","Cox's Bazar (Ukhia)","Tk. 60000 (Monthly)""jobTitle","category","companyName","vacancy","jobContext","jobDescription","employmentStatus","educationalReq","additionalReq","jobLocation","salary"
"Logistics & Procurement Officer","NGO Development","Centre for Disability in Development (CDD)","Not specific","The Centre for Disability in Development (CDD) is a not for profit organization established in 1996 to develop a more inclusive society for persons with disabilities. CDD simultaneously builds technical capacities of the development stakeholders and the communities in how to be more inclusive whilst also enabling persons with a disability to participate in society by strengthening their leadership and providing them with essential rehabilitation and other supports.
CDD is one of the most renowned organizations in the field of disability-inclusive development. CDD`s work in Bangladesh is supported by international and national donor agencies/development partners. CDD offers an inclusive, amicable, and respectable work environment.
The Ramon Magsaysay Award (Asian version of the Noble prize) has been awarded to its Executive Director in 2010. In 2018, CDD was recognized by the Government of Bangladesh as one of the best organizations working on disability and development issues.","The Centre for Disability in Development (CDD) is a not for profit organization established in 1996 to develop a more inclusive society for persons with disabilities. CDD simultaneously builds technical capacities of the development stakeholders and the communities in how to be more inclusive whilst also enabling persons with a disability to participate in society by strengthening their leadership and providing them with essential rehabilitation and other supports.","Full-time, Contractual","Bachelor or Master Degree in any discipline;","Age at most 45 years","Dhaka (Savar)","Tk. 40000 (Monthly)""jobTitle","category","companyName","vacancy","jobContext","jobDescription","employmentStatus","educationalReq","additionalReq","jobLocation","salary"
"Logistics & Supplies Assistant","NGO Development","Centre for Disability in Development (CDD)","Not specific","The Centre for Disability in Development (CDD) is a not for profit organization established in 1996 to develop a more inclusive society for persons with disabilities. CDD simultaneously builds technical capacities of the development stakeholders and the communities in how to be more inclusive whilst also enabling persons with a disability to participate in society by strengthening their leadership and providing them with essential rehabilitation and other supports.
CDD is one of the most renowned organizations in the field of disability-inclusive development. CDD`s work in Bangladesh is supported by international and national donor agencies/development partners. CDD offers an inclusive, amicable, and respectable work environment.
The Ramon Magsaysay Award (Asian version of the Noble prize) has been awarded to its Executive Director in 2010. In 2018, CDD was recognized by the Government of Bangladesh as one of the best organizations working on disability and development issues.
CDD Office is now accepting applications for the project of ""Ensuring the overall well-being and resilience of Rohingya and host community in a protected environment where children can learn and thrive"" Supported by AHP. The duration of the project up to December 2023, high possibility to extend (subject to Fund availability and NGO Affairs Bureau approval).","The Centre for Disability in Development (CDD) is a not for profit organization established in 1996 to develop a more inclusive society for persons with disabilities. CDD simultaneously builds technical capacities of the development stakeholders and the communities in how to be more inclusive whilst also enabling persons with a disability to participate in society by strengthening their leadership and providing them with essential rehabilitation and other supports.","Full-time, Contractual","Bachelor's Degree in Business Administration or any other discipline","Age at most 45 years","Cox's Bazar (Ukhia)","Tk. 23000 (Monthly)""jobTitle","category","companyName","vacancy","jobContext","jobDescription","employmentStatus","educationalReq","additionalReq","jobLocation","salary"
"Regional Coordinator","NGO Development","WeGro Technologies Limited","2","WeGro Technologies Limited is an agri fintech, connecting individuals and institutional financiers with farmers and their agricultural projects, whereby small holder farmers receive finance, input and market. To supervise the regional office of WeGro and oversee the region`s small-scale farmers` access to credit and financing, the company is looking for an experienced and analytically focused expert. The regional coordinator is responsible for enhancing communication between the input retail team, output supply chain team, and finance and accounting team at the regional offices. Through increasing repeat usage, the rate at which subscriptions are renewed, and the average ticket size, the regional coordinator will directly manage the farmer financing portfolio of WeGro and assure development while controlling credit risk and recovery. Also, the regional coordinator will oversee business operations and P&L for the ""WeGro Centers."" The regional coordinator will solely serve as a coordinator for the supply chain and agribusiness, collaborating closely with regional input and supply.","Management and coordination of the regional WeGro office overall","Full-time","Masters degree in any discipline","Age 30 to 40 years","Rajshahi, Rangpur","Tk. 40000 (Monthly)Salary review: Once in a year
Weekly holidays
2 yearly festival bonus""jobTitle","category","companyName","vacancy","jobContext","jobDescription","employmentStatus","educationalReq","additionalReq","jobLocation","salary"
"Admin and Logistics Specialist","NGO Development","Concern Worldwide","1","Concern Worldwide is an international, humanitarian organisation dedicated to the reduction of suffering and working towards the ultimate elimination of extreme poverty in the world`s poorest countries. We believe in a world where no one lives in poverty, fear or oppression; where all have access to a decent standard of living and the opportunities and choices essential to a long, healthy and creative life; a world where everyone is treated with dignity and respect.
Concern Worldwide, Bangladesh is looking for a suitable candidate for the following position:
Type of Contract: Five (05) Years Fixed Term Contract
Duty Station:	Head Office, Dhaka, Bangladesh
Job Purpose: The Admin and Logistics specialist will have responsibility to ensure efficient support for managing the administrative duties, which includes over all fleet management, asset and inventory management, lease agreements, event management in efficient, standard and cost effective manner.
Also responsible to ensuring national and international staff and visitors are provided with all necessary support to enable them to work for Concern in Bangladesh including arranging visas, accommodation and travel arrangement following standard safety and security including dealing with Ministry SB & NSI, as per Concern Worldwide policy and procedures.","Concern Worldwide is an international, humanitarian organisation dedicated to the reduction of suffering and working towards the ultimate elimination of extreme poverty in the world`s poorest countries. We believe in a world where no one lives in poverty, fear or oppression; where all have access to a decent standard of living and the opportunities and choices essential to a long, healthy and creative life; a world where everyone is treated with dignity and respect.","Contractual","Bachelor degree (master is preferable) of related field","","Dhaka","Monthly Gross Salary: 62,000/-""jobTitle","category","companyName","vacancy","jobContext","jobDescription","employmentStatus","educationalReq","additionalReq","jobLocation","salary"
"Deputy Manager, Digitalization and Data Protection, Migration Programme (Project Staff)","NGO Development","BRAC","Not specific","Provide technical support to the local team for software installation and upgradation in the devices.Manage the supply chain of devices, software, and accessories through communicating with the local office, Head office and vendors.Regular communication to manage the vendor to carry out smoothly and effectively the digitalization work of  the Migration Programme.Coordination with the BRAC technology department, vendor and others to carry out the digitalization work of the Migration Programme Ensure smooth functioning of the devices by troubleshooting for software and hardware.Facilitate refresher sessions in monthly meetings on new knowledge and skills required for the upgradation and usability of the system.Pull data from the software and clean the data to generate reports regular basisPrepare & share reports as per programme needs.Promote a culture of data protection and compliance in the migration programme.Ensure that beneficiaries data protection are in compliance with codes of practice such as GDPR (General Data Protection Regulation)Ensure the safety of Programme Participants, people who come into contact with the organisation and team members from any harm, abuse, neglect, harassment and exploitation including sexual exploitation and abuse (SEA) to achieve the programme's goals of safeguarding implementation. Act as a key source of support, guidance and expertise on safeguarding for establishing a safe working environment.Practice, promote and endorse the issues of safeguarding policy among team members and ensure the implementation of safeguarding standards in every course of action.Follow the safeguarding reporting procedure in case any reportable incident takes place and encourage others to do so.","Provide technical support to the local team for software installation and upgradation in the devices.","Full-time","Masters preferably in Information Technology/ MIS/ Computer Science & Engineering/ Data Science/ Statistics or any other relevant discipline from any recognised university.","Age at most 40 years","Dhaka","Negotiable""jobTitle","category","companyName","vacancy","jobContext","jobDescription","employmentStatus","educationalReq","additionalReq","jobLocation","salary"
"Program Officer","NGO Development","Bangladesh Labour Foundation (BLF)","03","Bangladesh Labour Foundation (BLF) is a non-government; non-profit; non-partisan organization represents the interest of the working people in Bangladesh. BLF works for the welfare of workers, working people, professionals, women, children, employee and families by undertaking various programs and projects. We share a common determination to organize, to defend human rights and labour standards in Bangladesh, and to promote the growth of workers organization for the benefit of all working men and women and their families.
BLF is inviting to suitable candidates for Program Officer offering attractive salary package.","Bangladesh Labour Foundation (BLF) is a non-government; non-profit; non-partisan organization represents the interest of the working people in Bangladesh. BLF works for the welfare of workers, working people, professionals, women, children, employee and families by undertaking various programs and projects. We share a common determination to organize, to defend human rights and labour standards in Bangladesh, and to promote the growth of workers organization for the benefit of all working men and women and their families.","Full-time","Post Graduation in Social Science/relevant discipline","Both males and females are allowed to apply","Dhaka (Keraniganj, Savar)","Negotiable""jobTitle","category","companyName","vacancy","jobContext","jobDescription","employmentStatus","educationalReq","additionalReq","jobLocation","salary"
"Junior Officer","NGO Development","Centre for Development Innovation & Practices - CDIP","01","""Junior Officer"" to be recruited for CDIP, a reputed national development organization reportable to `Head of HR & OD and Administration`.","Support to new candidate recruitment & selection process from Job advertisement, Shortlisting of CV's, joining, placement & orientation, Prepare appointment letter;","Full-time","Master's degree, preferably in Human Resource Management. Candidates with Professional degree such as MBA/ Post Graduate degree/diploma in Human Resource Management will be given preference;","Age 30 to 35 years","Dhaka","Tk. 35000 - 40820 (Monthly)""jobTitle","category","companyName","vacancy","jobContext","jobDescription","employmentStatus","educationalReq","additionalReq","jobLocation","salary"
"Coordinator - Advocacy","NGO Development","Save the Children","1","Save The Children in Bangladesh invites interested and potential candidates to apply for the above-mentioned position. Qualified women are strongly encouraged to apply. Minimum requirements will be flexible for the potential female candidates.
Contract Type: Regular","Save The Children in Bangladesh invites interested and potential candidates to apply for the above-mentioned position. Qualified women are strongly encouraged to apply. Minimum requirements will be flexible for the potential female candidates.","Full-time","Master's Degree, preferably in Social Sciences/Mass Communications/English or relevant discipline.","At least 5 years of working experience in protection, humanitarian, campaigns, or advocacy work in humanitarian/conflict settings area including a minimum of 1 (one) year of experience working in refugee response context.","Cox's Bazar","""jobTitle","category","companyName","vacancy","jobContext","jobDescription","employmentStatus","educationalReq","additionalReq","jobLocation","salary"
"Program Organizer","NGO Development","Friends in Village Development Bangladesh (FIVDB)","Not specific","Friends In Village Development Bangladesh (FIVDB), is a Bangladeshi non-governmental organisation founded in 1979 under the Societies` Registration Act, 1860. The organisation is also registered with the NGO Affairs Bureau and the Micro Credit Regulatory Authority, of the Government of Bangladesh that advances children`s rights and equality for girls. We believe in the power and potential of every child and the young people. But this is often suppressed by poverty, violence, exclusion and discrimination. In addition, its girls and young women who are most affected. Working together with children, young people, our supporters and partners, we strive for a just world, tackling the root causes of the challenges facing girls and all vulnerable children. FIVDB`s societal vision is that of `a vibrant society based on justice, equity, democracy and environmentally sound principles`. It works with the mission to give the disadvantaged women, men and children greater voice, reduce their vulnerability, increase their use of citizenship rights and help them enhance their quality of life. To that end FIVDB pursues educational, social and economic capacity building and social organization processes. It works to strengthen social protection and safety networks and participates in national and international outreach and advocacy. The organization combines grassroots service delivery, social mobilization and advocacy in its work and works in collaboration with communities, civil society, the Government and private sectors.Friends in Village Development Bangladesh (FIVDB) is going to implement Education Cannot Wait (ECW) Multi Year Resilience Program (MYRP) top up funding under its Humanitarian Preparedness and Response Program, Cox`s Bazar in partnership with Plan International Bangladesh (PIB).The duration of the project is 17 months (to be extended subject to the provision of project extension afterward). The position will be recruited for implementing the project based at the Field Office at Ukhia with substantial field activities at different camps and host communities. The job is contractual for the project period with a three (3) months probation period.","Friends In Village Development Bangladesh (FIVDB), is a Bangladeshi non-governmental organisation founded in 1979 under the Societies` Registration Act, 1860. The organisation is also registered with the NGO Affairs Bureau and the Micro Credit Regulatory Authority, of the Government of Bangladesh that advances children`s rights and equality for girls. We believe in the power and potential of every child and the young people. But this is often suppressed by poverty, violence, exclusion and discrimination. In addition, its girls and young women who are most affected. Working together with children, young people, our supporters and partners, we strive for a just world, tackling the root causes of the challenges facing girls and all vulnerable children.","Full-time","Bachelor degree in any discipline","Age 24 to 50 years","Cox's Bazar (Teknaf, Ukhia)","Tk. 24750 (Monthly)10% of the Basic Salary will be deducted as Staff Security Fund (Payment made after project closing/ Leave from FIVDB)
5% yearly salary increment 
Deduction of Tax at the source""jobTitle","category","companyName","vacancy","jobContext","jobDescription","employmentStatus","educationalReq","additionalReq","jobLocation","salary"
"HR Assistant (Locally Recruited Staff)","NGO Development","International Maize and Wheat Improvement Centre (CIMMYT Int.)","Not specific","CIMMYT is a cutting edge, non-profit, international organization dedicated to solving tomorrow`s problems today. It is entrusted with fostering improved quantity, quality, and dependability of production systems and basic cereals such as maize, wheat, triticale, sorghum, millets, and associated crops through applied agricultural science, particularly in the Global South, through building strong partnerships. This combination enhances the livelihood trajectories and resilience of millions of resource-poor farmers, while working towards a more productive, inclusive, and resilient agrifood system within planetary boundaries. CIMMYT is a core CGIAR Research Center, a global research partnership for a food-secure future, dedicated to reducing poverty, enhancing food and nutrition security and improving natural resources.
For more information, visit cimmyt.org.
CIMMYT is looking for an outstanding, self-motivated, young dynamic and result-oriented professional for the position of HR Assistant, to work with the Sustainable Agrifood Systems program.
The HR Assistant will report to HR Coordinator, CIMMYT Bangladesh.
The location of this position will be CIMMYT - Bangladesh Dhaka Office.
The position is for Bangladesh Nationals for an initial fixed-term contract of 1-year with 3 months probationary period, which further employment is subject to performance and the continued availability of funds.","CIMMYT is a cutting edge, non-profit, international organization dedicated to solving tomorrow`s problems today. It is entrusted with fostering improved quantity, quality, and dependability of production systems and basic cereals such as maize, wheat, triticale, sorghum, millets, and associated crops through applied agricultural science, particularly in the Global South, through building strong partnerships. This combination enhances the livelihood trajectories and resilience of millions of resource-poor farmers, while working towards a more productive, inclusive, and resilient agrifood system within planetary boundaries. CIMMYT is a core CGIAR Research Center, a global research partnership for a food-secure future, dedicated to reducing poverty, enhancing food and nutrition security and improving natural resources.","Contractual","Min bachelor's degree in human resources or other related subjects","Minimum 2 years of experience in HR departments.","Dhaka","""jobTitle","category","companyName","vacancy","jobContext","jobDescription","employmentStatus","educationalReq","additionalReq","jobLocation","salary"
"Officer-Market Development, BNA","NGO Development","International Development Enterprises (iDE)","Not specific","iDE Bangladesh is currently seeking two (02) qualified Officer-Market Development (OMD) for Feed the Future Bangladesh Nutrition Activity (BNA) project. This position is responsible for building and maintaining relationships with key stakeholders in BNA at the local level. The OMD helps to form linkages for the local WASH entrepreneurs downward to consumers through last mile delivery agents and upwards to the larger private sector. This relationship will include rapport building through activities including but not limited to supply chain support, business capacity development training and technology introduction sessions local WASH entrepreneurs and last mile delivery agents
Reporting Line: Field Team Leader
Contract Duration:Up to September 2024; there is a possibility of extension","iDE Bangladesh is currently seeking two (02) qualified Officer-Market Development (OMD) for Feed the Future Bangladesh Nutrition Activity (BNA) project. This position is responsible for building and maintaining relationships with key stakeholders in BNA at the local level. The OMD helps to form linkages for the local WASH entrepreneurs downward to consumers through last mile delivery agents and upwards to the larger private sector. This relationship will include rapport building through activities including but not limited to supply chain support, business capacity development training and technology introduction sessions local WASH entrepreneurs and last mile delivery agents","Contractual","Bachelor's Degree in Business Administration, Social Sciences, development studies, and/or other relevant subjects on WASH interventions","At least 4 years of working experience on market system development on WASH or other relevant field","Cox's Bazar, Khulna","""jobTitle","category","companyName","vacancy","jobContext","jobDescription","employmentStatus","educationalReq","additionalReq","jobLocation","salary"
"AAP/CFM Assistant (Only Female)","NGO Development","Concern Worldwide","1","Concern Worldwide is an international, humanitarian organisation dedicated to the reduction of suffering and working towards the ultimate elimination of extreme poverty in the world`s poorest countries. We believe in a world where no one lives in poverty, fear or oppression; where all have access to a decent standard of living and the opportunities and choices essential to a long, healthy and creative life; a world where everyone is treated with dignity and respect.
Concern started working with the people of Bangladesh in 1972 by extending its support after the devastating cyclone of 1970. Since then, Concern Worldwide has been working to address extreme poverty in the most vulnerable communities of the country by implementing needs based, innovative humanitarian and development projects.
Concern Worldwide, Bangladesh has been implementing an integrated nutrition project titled ""Integrated Nutrition Interventions for Malnutrition Treatment and Prevention in Rohingya Camps, Cox`s Bazar"" funded by UNICEF-WFP and UNHCR.
Type of Contract: Fixed Term Contract up to 31 December 2023
Job Purpose: In line with the continuous support to Concern Worldwide beneficiaries; how to use the complaints mechanisms can be shared with Refugee through feedback boxes, help desk, household visits, group discussions and awareness sessions, placing banners, Hotline number sharing at project sites and other appropriate means which provides coordination and technical support to agencies that are establishing Information across the Rohingya Refugee Camps. Concern`s formal feedback mechanism for the affected population, the general public and all relevant stakeholders, is the Complaints and Response Mechanism (CRM). Ensure the post holder will equally support the monitoring and evaluation components of the project supporting the team to develop and utilise different tools, maintain and update the register to track each specific complaint and report to the line manager.","Concern Worldwide is an international, humanitarian organisation dedicated to the reduction of suffering and working towards the ultimate elimination of extreme poverty in the world`s poorest countries. We believe in a world where no one lives in poverty, fear or oppression; where all have access to a decent standard of living and the opportunities and choices essential to a long, healthy and creative life; a world where everyone is treated with dignity and respect.","Contractual","Graduation in any subject from any registered institution","Only females are allowed to apply","Cox's Bazar (Teknaf)","Monthly Gross Salary: BDT 19,845/-"