"jobTitle","category","companyName","vacancy","jobContext","jobDescription","employmentStatus","educationalReq","additionalReq","jobLocation","salary"
"Senior Executive/Assistant Manager (Quality Control & Assurance)","Production Operation","Remark HB Limited","3","Develop Standard Operating Procedure (SOP) for quality assurance and ensure proper implementation of quality checks of flexible packaging products, containers, bottles.
Having good knowledge on metallization, UV printing, BE or Master in Plastic/Polymer Technology. 

Having Experience in Plastic related testing laboratory i.e. having good knowledge on Plastic testing equipment (Viscosity, MVR, Flexural, Impact etc.)

Work with the production team and assist them in achieving high levels of quality products as per standards
Conduct chemical tests and physical tests of raw materials and finished feeds on a regular basis 
Ensure the quality of the finished product constantly and compare with standard 
Handle and store laboratory equipment with safety and security 
Keep documentation of laboratory activities for reference purposes 
Check & test the quality of machines and chemicals
Anticipate problems/defects that may arise in the manufacturing process and take preparation accordingly 
Maintain quality control methodologies to carry out analysis","Develop Standard Operating Procedure (SOP) for quality assurance and ensure proper implementation of quality checks of flexible packaging products, containers, bottles.","Full-time","Master of Science (MSc) in Chemistry, Applied Chemistry, Chemical Engineering, Pharmacy","Age at least 28 years","Munshiganj (Gazaria)","Negotiable""jobTitle","category","companyName","vacancy","jobContext","jobDescription","employmentStatus","educationalReq","additionalReq","jobLocation","salary"
"Technical Operation Manager","Production Operation","Link3 Technologies Ltd.","1","Lead the Technical Operations departments & Oversee all the activities, initiatives, systems, and tactics.","","Full-time","Master of Business Administration (MBA)","Age at most 50 years","Dhaka (GULSHAN 1)","Tk. 300000 - 330000 (Monthly)""jobTitle","category","companyName","vacancy","jobContext","jobDescription","employmentStatus","educationalReq","additionalReq","jobLocation","salary"
"Production Manager","Production Operation","East Coast Group","1","Production management as per lean manufacturing procedure.
Proficient with Team management and work flow analysis.
Maintain proper Hygiene and clean room practices.
Ensure smooth execution of production according to plan.
Optimize existing production system, reduce cost, increase production efficiency.
Generation of waste to be kept at minimum.
Manpower planning and ensuring the maximum utilization of resources.
Supervise Shift In-charge's responsibilities.
Calculate worker productivity and efficiency and determine and implement the improvements of the production process.
Provide and achieve time wise targets to field production.
Handover the finished goods to logistics as per requirement.
Manage maintenance and other utility supporting team.
Prepare different types of necessary reports.
Monitor the periodic machine maintenance.
Joint collaboration with QC and R&D dept. to maintain the product quality and new model development.","Production management as per lean manufacturing procedure.","Full-time","Minimum B.Sc in EEE/ IPE/ Renewable Energy from any reputed institute.","Age at least 30 years","Dhaka (Ashulia)","""jobTitle","category","companyName","vacancy","jobContext","jobDescription","employmentStatus","educationalReq","additionalReq","jobLocation","salary"
"Manager (Operations)","Production Operation","MJH initiatives Limited","1","Prepared Marketing strategy and Prepared year calendar
Planning and executing.
Digital marketing and Offline marketing 
Lead marketing team
Sales Strategy and  planning
Lead sales team
Excellent  digital platform communication knowledge.
Operating office administration management.
Communication with Top management to concern department. 
Collect and Distributing information to different concern department.
Maintaining database.
Daily activities monitoring of different employees.
Consult with students about our Programme's. 
Maintaining Admission process,
Team building with students and colleges. 
Class Operate. 
Phone call receiving and provide information.","Prepared Marketing strategy and Prepared year calendar","Full-time","Master of Business Administration (MBA)","Age 24 to 36 years","Dhaka (Uttara Sector 6)","Tk. 25000 (Monthly)""jobTitle","category","companyName","vacancy","jobContext","jobDescription","employmentStatus","educationalReq","additionalReq","jobLocation","salary"
"Chemist","Production Operation","East Coast Group","1","Laboratory Management as per ISO/ IEC 17025.
Carry out all types of testing and prepare analytical report.
Development & integration of new equipment to monitor and check raw materials, packaging materials and finished good quality.","Laboratory Management as per ISO/ IEC 17025.","Full-time","Minimum B.Sc in Chemistry/ Applied Chemistry from reputed institution.","Age at least 29 years","Dhaka (Ashulia)","""jobTitle","category","companyName","vacancy","jobContext","jobDescription","employmentStatus","educationalReq","additionalReq","jobLocation","salary"
"Control Room Operator - Silo","Production Operation","City Group","Not specific","Operator automated silo system with distributed control system(DCS).
Monitor the pathway of raw-materials in the correct silo.
Manage the machine with maximum awareness level.
Ensure proper cleanliness and hygienic condition of the machines & silo.
Maintain shift handover register, log sheets and other records.
Prepare maintenance list in case of short-term/long-term shutdown.
Maintain all the parameters of storage according to the standards.","Operator automated silo system with distributed control system(DCS).","Full-time","HSC (Vocational), Diploma in Engineering","Age 25 to 35 years","Anywhere in Bangladesh","Negotiable""jobTitle","category","companyName","vacancy","jobContext","jobDescription","employmentStatus","educationalReq","additionalReq","jobLocation","salary"
"সাবান তৈরির অটোমেটিক/ম্যানুয়াল মেশিন অপারেটর","Production Operation","Modern Herbal Group","05","লন্ড্রি সাবান, টয়লেট সাবান ও ডিটারজেন্ট তৈরির বাস্তব অভিজ্ঞতা থাকতে হবে।সাবান তৈরির অটোমেটিক মেশিন অপারেট করায় পারদর্শী হতে হবে।সাবান তৈরির কাঁচামাল সর্ম্পকে সম্যক ধারণা থাকতে হবে।সাবানের গুণগতমান রক্ষা করে প্যাকিং করার অভিজ্ঞতা থাকতে হবে।","লন্ড্রি সাবান, টয়লেট সাবান ও ডিটারজেন্ট তৈরির বাস্তব অভিজ্ঞতা থাকতে হবে।","Full-time","বাস্তব অভিজ্ঞতা থাকলে শিক্ষাগত যোগ্যতার প্রয়োজন নেই।","Age 20 to 40 years","ঢাকা (তেজগাঁও)","Negotiable""jobTitle","category","companyName","vacancy","jobContext","jobDescription","employmentStatus","educationalReq","additionalReq","jobLocation","salary"
"QC Chemist (Quality Control Chemist)","Production Operation","P.T. Consumer Products Industries","Not specific","P.T. Consumer Products Ind. is looking to hire experienced and skilled professionals for the role of QC Chemist for their product production in Laxmipur.","Organize raw materials.","Full-time","Honors/ Masters in Chemistry/ Pure Chemistry/ Applied Chemistry from any reputed institution.","Age 25 to 40 years","Laksmipur","Negotiable""jobTitle","category","companyName","vacancy","jobContext","jobDescription","employmentStatus","educationalReq","additionalReq","jobLocation","salary"
"Production Manager","Production Operation","Nilorn Bangladesh Ltd.","Not specific","To follow up on all production units. 
To follow up and improve productivity.
To follow up and monitor daily production reports. 
To check daily wastage report,
To check monthly raw material cost, individual section.
To check material inventory report.
To check delivery report monthly.
To check section-wise cost & profit monthly. 
To follow up on daily production target reports. 
To follow up on machine breakdown reports. 
To follow up on daily sample pending & delivery reports.
To follow up on R&D reports.
To follow up on production & machine efficiency reports.","To follow up on all production units.","Full-time","Graduation from  any discipline","Age 30 to 50 years","Manikganj (Singair)","Negotiable""jobTitle","category","companyName","vacancy","jobContext","jobDescription","employmentStatus","educationalReq","additionalReq","jobLocation","salary"
"QC Manager","Production Operation","East Coast Group","1","Ensure the testing process pertaining to each module is done correctly and up to the standards and timely publish the results for process control purposes.
Explore & understanding of all the required parameters from all the stockholders and international certification body.
Conduct Training as per the requirements of quality and audit dept. on quality process and product safety standards. And how to improve the skills and knowledge.
Conduct Effective Pre-Production meetings with Production dept. & monitoring the production from the beginning to the shipment.
Conducting Quality inspections as inline, Pre-final & final inspection. & generate report accordingly.
Effectively interact with Technical, Development and Production team to maintain product quality; ensuring that targets are achieved.
Supervise sample evaluation and production approval by reviewing the Technical parameters and inline QC parameters. 
Design the rectification method by joint collaboration with R&D and Production department.
Monitored QA/QC performance by gathering relevant production data and producing statistical reports to be communicated with all related departments.
Identifying relevant quality-related training needs and conduct training.
Responsible for each aspect of quality control through production, incoming and outgoing material.
Ensuring all types of quality issue by Auditing & Controlling.
Follow up and maintain all quality related reports.","Ensure the testing process pertaining to each module is done correctly and up to the standards and timely publish the results for process control purposes.","Full-time","Minimum B.Sc in EEE from reputed institution.","Age at least 30 years","Dhaka (Ashulia)","""jobTitle","category","companyName","vacancy","jobContext","jobDescription","employmentStatus","educationalReq","additionalReq","jobLocation","salary"
"Executive/ Senior Executive - QC (Diaper Plant)","Production Operation","Meghna Group of Industries.","Not specific","Assure on-time release of material and products for smooth production (Fresh Happy Nappy Pant Diaper, Fresh Happy Nappy Baby Wipes & Fresh Anonna Sanitary Napkin) and dispatch with good quality.
Execute analytical work (measurements, GSM, thickness, raw material strength, elongation, etc.) of raw materials, packaging materials, and finished goods as per the standard testing procedure to ensure that the results are accurate and useful.
Maintain Good Laboratory Practices (GLP) guidelines and good housekeeping in the laboratory followed by 5S (Sort, Set in Order, Shine, Standardize and Sustain) rules.
Monitor every stage of manufacturing activities and reduce wastage or defect followed by Current Good Manufacturing Practice (cGMP) guidelines.
Understand customer needs and requirements for continuous quality improvement as a part of Total Quality Management (TQM).
Prepare and update all documents i.e., specifications, test methods, and standard operating procedures (SOPs) for different tasks and train the workforce accordingly.
Prepare different types of reports such as non-conformance of product reports or processes, daily production quality reports by using tools like Root Cause Analysis (RCA) and submit it to supervisor.","Assure on-time release of material and products for smooth production (Fresh Happy Nappy Pant Diaper, Fresh Happy Nappy Baby Wipes & Fresh Anonna Sanitary Napkin) and dispatch with good quality.","Full-time","M.Sc in Chemistry","Age at least 25 years","Narayanganj","Negotiable""jobTitle","category","companyName","vacancy","jobContext","jobDescription","employmentStatus","educationalReq","additionalReq","jobLocation","salary"
"Executive - Production","Production Operation","Square Food & Beverage Ltd.","Not specific","Square Food & Beverage Ltd. is a leading, fast growing and ISO standard company in Bangladesh. We offer a challenging work environment, diverse job opportunities, and competitive salaries and benefits. To support its continuous growth, we are looking for a smart, energetic and hard-working team member for the above position.","Prepare production plan and execute complying with process parameter.","Full-time","","Age at most 32 years","Dinajpur","Negotiable""jobTitle","category","companyName","vacancy","jobContext","jobDescription","employmentStatus","educationalReq","additionalReq","jobLocation","salary"
"Sr. Operation Manager (Ride Sharing& Courier)","Production Operation","Gorgeous Bangladesh Ltd.","2","The Operations Manager`s role is to supervise and ensure the operational efficiency in courier service. This includes managing both the resources and processes to identify, recommend, develop, implement, and support cost-effective solutions for all aspects of operations.
Financial responsibility for revenue growth, cost control, debt collection and overall responsibility for budgetary deliverables in courier operations
Ensuring service levels in terms of delivery and collection are met through monitoring of service levels returns
Ensuring proper resource utilization and rationalization including human resource and fleet","The Operations Manager`s role is to supervise and ensure the operational efficiency in courier service. This includes managing both the resources and processes to identify, recommend, develop, implement, and support cost-effective solutions for all aspects of operations.","Full-time","Masters degree in any discipline","Age 25 to 45 years","Anywhere in Bangladesh","Negotiable""jobTitle","category","companyName","vacancy","jobContext","jobDescription","employmentStatus","educationalReq","additionalReq","jobLocation","salary"
"সাবান তৈরির অটোমেটিক/ম্যানুয়াল মেশিন অপারেটর","Production Operation","Modern Herbal Group","05","লন্ড্রি সাবান, টয়লেট সাবান ও ডিটারজেন্ট তৈরির বাস্তব অভিজ্ঞতা থাকতে হবে।
সাবান তৈরির অটোমেটিক মেশিন অপারেট করায় পারদর্শী হতে হবে।
সাবান তৈরির কাঁচামাল সর্ম্পকে সম্যক ধারণা থাকতে হবে।
সাবানের গুণগতমান রক্ষা করে প্যাকিং করার অভিজ্ঞতা থাকতে হবে।","লন্ড্রি সাবান, টয়লেট সাবান ও ডিটারজেন্ট তৈরির বাস্তব অভিজ্ঞতা থাকতে হবে।","Full-time","বাস্তব অভিজ্ঞতা থাকলে শিক্ষাগত যোগ্যতার প্রয়োজন নেই।","Age 20 to 40 years","ঢাকা (তেজগাঁও)","Negotiable""jobTitle","category","companyName","vacancy","jobContext","jobDescription","employmentStatus","educationalReq","additionalReq","jobLocation","salary"
"Chemist","Production Operation","East Coast Group","1","Laboratory Management as per ISO/ IEC 17025.
Carry out all types of testing and prepare analytical report.
Development & integration of new equipment to monitor and check raw materials, packaging materials and finished good quality.","Laboratory Management as per ISO/ IEC 17025.","Full-time","Minimum B.Sc in Chemistry/ Applied Chemistry from reputed institution.","Age at least 29 years","Dhaka (Ashulia)","""jobTitle","category","companyName","vacancy","jobContext","jobDescription","employmentStatus","educationalReq","additionalReq","jobLocation","salary"
"Technical Operation Manager","Production Operation","Link3 Technologies Ltd.","1","Lead the Technical Operations departments & Oversee all the activities, initiatives, systems, and tactics.","","Full-time","Master of Business Administration (MBA)","Age at most 50 years","Dhaka (GULSHAN 1)","Tk. 300000 - 330000 (Monthly)""jobTitle","category","companyName","vacancy","jobContext","jobDescription","employmentStatus","educationalReq","additionalReq","jobLocation","salary"
"QC Chemist (Quality Control Chemist)","Production Operation","P.T. Consumer Products Industries","Not specific","P.T. Consumer Products Ind. is looking to hire experienced and skilled professionals for the role of QC Chemist for their product production in Laxmipur.","Organize raw materials.","Full-time","Honors/ Masters in Chemistry/ Pure Chemistry/ Applied Chemistry from any reputed institution.","Age 25 to 40 years","Laksmipur","Negotiable""jobTitle","category","companyName","vacancy","jobContext","jobDescription","employmentStatus","educationalReq","additionalReq","jobLocation","salary"
"Sr. Operation Manager (Ride Sharing& Courier)","Production Operation","Gorgeous Bangladesh Ltd.","2","The Operations Manager`s role is to supervise and ensure the operational efficiency in courier service. This includes managing both the resources and processes to identify, recommend, develop, implement, and support cost-effective solutions for all aspects of operations.
Financial responsibility for revenue growth, cost control, debt collection and overall responsibility for budgetary deliverables in courier operations
Ensuring service levels in terms of delivery and collection are met through monitoring of service levels returns
Ensuring proper resource utilization and rationalization including human resource and fleet","The Operations Manager`s role is to supervise and ensure the operational efficiency in courier service. This includes managing both the resources and processes to identify, recommend, develop, implement, and support cost-effective solutions for all aspects of operations.","Full-time","Masters degree in any discipline","Age 25 to 45 years","Anywhere in Bangladesh","Negotiable""jobTitle","category","companyName","vacancy","jobContext","jobDescription","employmentStatus","educationalReq","additionalReq","jobLocation","salary"
"Production Manager","Production Operation","East Coast Group","1","Production management as per lean manufacturing procedure.
Proficient with Team management and work flow analysis.
Maintain proper Hygiene and clean room practices.
Ensure smooth execution of production according to plan.
Optimize existing production system, reduce cost, increase production efficiency.
Generation of waste to be kept at minimum.
Manpower planning and ensuring the maximum utilization of resources.
Supervise Shift In-charge's responsibilities.
Calculate worker productivity and efficiency and determine and implement the improvements of the production process.
Provide and achieve time wise targets to field production.
Handover the finished goods to logistics as per requirement.
Manage maintenance and other utility supporting team.
Prepare different types of necessary reports.
Monitor the periodic machine maintenance.
Joint collaboration with QC and R&D dept. to maintain the product quality and new model development.","Production management as per lean manufacturing procedure.","Full-time","Minimum B.Sc in EEE/ IPE/ Renewable Energy from any reputed institute.","Age at least 30 years","Dhaka (Ashulia)","""jobTitle","category","companyName","vacancy","jobContext","jobDescription","employmentStatus","educationalReq","additionalReq","jobLocation","salary"
"Production Manager","Production Operation","Nilorn Bangladesh Ltd.","Not specific","To follow up on all production units. 
To follow up and improve productivity.
To follow up and monitor daily production reports. 
To check daily wastage report,
To check monthly raw material cost, individual section.
To check material inventory report.
To check delivery report monthly.
To check section-wise cost & profit monthly. 
To follow up on daily production target reports. 
To follow up on machine breakdown reports. 
To follow up on daily sample pending & delivery reports.
To follow up on R&D reports.
To follow up on production & machine efficiency reports.","To follow up on all production units.","Full-time","Graduation from  any discipline","Age 30 to 50 years","Manikganj (Singair)","Negotiable""jobTitle","category","companyName","vacancy","jobContext","jobDescription","employmentStatus","educationalReq","additionalReq","jobLocation","salary"
"Senior Executive/Assistant Manager (Quality Control & Assurance)","Production Operation","Remark HB Limited","3","Develop Standard Operating Procedure (SOP) for quality assurance and ensure proper implementation of quality checks of flexible packaging products, containers, bottles.
Having good knowledge on metallization, UV printing, BE or Master in Plastic/Polymer Technology. 

Having Experience in Plastic related testing laboratory i.e. having good knowledge on Plastic testing equipment (Viscosity, MVR, Flexural, Impact etc.)

Work with the production team and assist them in achieving high levels of quality products as per standards
Conduct chemical tests and physical tests of raw materials and finished feeds on a regular basis 
Ensure the quality of the finished product constantly and compare with standard 
Handle and store laboratory equipment with safety and security 
Keep documentation of laboratory activities for reference purposes 
Check & test the quality of machines and chemicals
Anticipate problems/defects that may arise in the manufacturing process and take preparation accordingly 
Maintain quality control methodologies to carry out analysis","Develop Standard Operating Procedure (SOP) for quality assurance and ensure proper implementation of quality checks of flexible packaging products, containers, bottles.","Full-time","Master of Science (MSc) in Chemistry, Applied Chemistry, Chemical Engineering, Pharmacy","Age at least 28 years","Munshiganj (Gazaria)","Negotiable""jobTitle","category","companyName","vacancy","jobContext","jobDescription","employmentStatus","educationalReq","additionalReq","jobLocation","salary"
"Control Room Operator - Silo","Production Operation","City Group","Not specific","Operator automated silo system with distributed control system(DCS).
Monitor the pathway of raw-materials in the correct silo.
Manage the machine with maximum awareness level.
Ensure proper cleanliness and hygienic condition of the machines & silo.
Maintain shift handover register, log sheets and other records.
Prepare maintenance list in case of short-term/long-term shutdown.
Maintain all the parameters of storage according to the standards.","Operator automated silo system with distributed control system(DCS).","Full-time","HSC (Vocational), Diploma in Engineering","Age 25 to 35 years","Anywhere in Bangladesh","Negotiable""jobTitle","category","companyName","vacancy","jobContext","jobDescription","employmentStatus","educationalReq","additionalReq","jobLocation","salary"
"Slitting Operator","Production Operation","W&W Company Limited","Not specific","Job Location: Mawna, Gazipur.","Ensuring final checking of the end products so that no quality deviated products are delivered to the users.","Full-time","H.S.C","Only males are allowed to apply","Gazipur","Tk. 21000 (Monthly)""jobTitle","category","companyName","vacancy","jobContext","jobDescription","employmentStatus","educationalReq","additionalReq","jobLocation","salary"
"Executive/ Senior Executive - QC (Diaper Plant)","Production Operation","Meghna Group of Industries.","Not specific","Assure on-time release of material and products for smooth production (Fresh Happy Nappy Pant Diaper, Fresh Happy Nappy Baby Wipes & Fresh Anonna Sanitary Napkin) and dispatch with good quality.
Execute analytical work (measurements, GSM, thickness, raw material strength, elongation, etc.) of raw materials, packaging materials, and finished goods as per the standard testing procedure to ensure that the results are accurate and useful.
Maintain Good Laboratory Practices (GLP) guidelines and good housekeeping in the laboratory followed by 5S (Sort, Set in Order, Shine, Standardize and Sustain) rules.
Monitor every stage of manufacturing activities and reduce wastage or defect followed by Current Good Manufacturing Practice (cGMP) guidelines.
Understand customer needs and requirements for continuous quality improvement as a part of Total Quality Management (TQM).
Prepare and update all documents i.e., specifications, test methods, and standard operating procedures (SOPs) for different tasks and train the workforce accordingly.
Prepare different types of reports such as non-conformance of product reports or processes, daily production quality reports by using tools like Root Cause Analysis (RCA) and submit it to supervisor.","Assure on-time release of material and products for smooth production (Fresh Happy Nappy Pant Diaper, Fresh Happy Nappy Baby Wipes & Fresh Anonna Sanitary Napkin) and dispatch with good quality.","Full-time","M.Sc in Chemistry","Age at least 25 years","Narayanganj","Negotiable""jobTitle","category","companyName","vacancy","jobContext","jobDescription","employmentStatus","educationalReq","additionalReq","jobLocation","salary"
"Microbiologist","Production Operation","A Well Established 100% Export Oriented Group of Companies","2","Candidates who are dynamic, self-committed, hardworking, quick learner and able to work independently are encouraged to apply.","","Full-time","Master of Science (MSc)","Age at least 30 years","Chattogram","Negotiable""jobTitle","category","companyName","vacancy","jobContext","jobDescription","employmentStatus","educationalReq","additionalReq","jobLocation","salary"
"Executive - Production","Production Operation","Square Food & Beverage Ltd.","Not specific","Square Food & Beverage Ltd. is a leading, fast growing and ISO standard company in Bangladesh. We offer a challenging work environment, diverse job opportunities, and competitive salaries and benefits. To support its continuous growth, we are looking for a smart, energetic and hard-working team member for the above position.","Prepare production plan and execute complying with process parameter.","Full-time","","Age at most 32 years","Dinajpur","Negotiable""jobTitle","category","companyName","vacancy","jobContext","jobDescription","employmentStatus","educationalReq","additionalReq","jobLocation","salary"
"Manager/ Assistant General Manager (AGM) - eCommerce Operations","Production Operation","RANGS Industries Ltd. (RANGS eMART)","01","Job Summary:
The Manager/Assistant General Manager (AGM) of eCommerce Operations plays a crucial role in overseeing and optimizing the day-to-day operations of an eCommerce business. This position involves managing a team, ensuring seamless order fulfillment, monitoring inventory, and enhancing the customer shopping experience. The role combines operational excellence, team leadership, and a deep understanding of eCommerce processes.","Job Summary:","Full-time","Bachelor of Science (BSc) in CSE, IT, Bachelor of Business Administration (BBA), Master of Business Administration (MBA)","Age at least 34 years","Dhaka","NegotiableCompetitive Salary as per Experience Festival Bonus: 02 (75% of Gross pay)""jobTitle","category","companyName","vacancy","jobContext","jobDescription","employmentStatus","educationalReq","additionalReq","jobLocation","salary"
"Intern, Production (Photography & Filmmaking)","Production Operation","Boss Man Digital","2","This is a creative job. Those who are passionate about working in this field, please apply. Those who are creative or at least have had a sense of creativity from an early stage of their life, have an aesthetic sense, know the feeling of creative fulfillment, admire art, and have a sense of shape, proportion, positioning, orientation, balance, and harmony, are the ones we encourage to apply.","Create sample layouts, and themes, collect props & execute.","Full-time, Internship","Bachelor degree in any discipline","Age at least 21 years","Dhaka (Banani)","Negotiable""jobTitle","category","companyName","vacancy","jobContext","jobDescription","employmentStatus","educationalReq","additionalReq","jobLocation","salary"
"General Manager - Factory Operation","Production Operation","Primitek Group","2","Primitek Group is a renowned export-oriented garments accessories manufacturing company in Bangladesh. For the business expansion, we are inviting business-oriented employees who have must experience in the overal factory operations, Administration, coordinating all production activities, plan and draw up a production schedule, Plan workers` schedules, estimate costs, and prepare budgets to ensure workflow meets required deadlines.
Location: 
For Mouchak, Kaliakoir, Gazipur Factory - 01
For Kutubpur, Kachpur, Narayonganj Factory - 01","Primitek Group is a renowned export-oriented garments accessories manufacturing company in Bangladesh. For the business expansion, we are inviting business-oriented employees who have must experience in the overal factory operations, Administration, coordinating all production activities, plan and draw up a production schedule, Plan workers` schedules, estimate costs, and prepare budgets to ensure workflow meets required deadlines.","Full-time","B.Sc/M.Sc in Engineering /Mechanical /IPE or Master's degree in any discipline.","Age at least 36 years","Narayanganj, Gazipur (Kaliakair)","Negotiable""jobTitle","category","companyName","vacancy","jobContext","jobDescription","employmentStatus","educationalReq","additionalReq","jobLocation","salary"
"Director of Operations","Production Operation","Novo Nordisk","01","We are a leading multinational company in the business of global healthcare. We manufacture products, like, Diabetes, Obesity, Haemophilia and Growth Hormone Disorders, and are now looking for a self-motivated and dynamic individual to lead our Bangladesh-based operations.Working at Novo Nordisk is never just a job. It`s the opportunity for a life-changing career. For over 90 years, Novo Nordisk has pioneered many therapeutic breakthroughs in Diabetes, Obesity, Haemophilia and Growth Hormone Disorders. As an employee at Novo Nordisk, you have the potential to make a difference to both people and society. By improving treatment, we will not only keep people healthy and productive, but also help their families and their communities.We offer our employees excellent global training and development opportunities and competitive compensation and benefits which will be commensurate with the employee`s contributions to the company. The following position (1 vacancy) is now available in Dhaka:Director of Operations:As the Director of Operations of Novo Nordisk Bangladesh, you will drive Operations, Business Planning, IT, Logistics and other local strategies for the Bangladesh affiliate as per business need and in line with directions from the Regional office. Your role will be instrumental in maintaining strong professional relationship with key external stakeholders, ensuring seamless supply of life saving medicine, delivering institutional sales targets and managing local manufacturing activities. You will also ensure that functions in the Affiliate understand and follow standards and processes which are constantly updated in response to changes in regulations, laws and industry (or other) trends that may impact the business and are often challenged and scrutinized by authorities.","We are a leading multinational company in the business of global healthcare. We manufacture products, like, Diabetes, Obesity, Haemophilia and Growth Hormone Disorders, and are now looking for a self-motivated and dynamic individual to lead our Bangladesh-based operations.","Full-time","Candidates must have MBA","Mmnimum 8 years of experience in a large company with global outlook. Should have handled P&L responsibilities and is currently a team manager. Possess very good knowledge of Novo Nordisk processes and policies, extensive knowledge of pharmaceutical regulation and business transactions in the region, understanding and knowledge of systems (SAP R/3) and Data warehouse systems (BW), very good planning and analysis skills, structured task approach, good negotiation and interpersonal skills; have a quality mind-set, be customer oriented and constructive and challenging team member; demonstrate excellent communication skills, active listening; interpersonal skills; sound judgment and decision making, strong proven ability to act as a change agent within the organization and strong personal and professional ethical values, integrity and the energy level required to meet the demands of the position","Dhaka","Annual Salary (including festival bonus):  BDT 7,000,000""jobTitle","category","companyName","vacancy","jobContext","jobDescription","employmentStatus","educationalReq","additionalReq","jobLocation","salary"
"Manager – Operation (D-CARE)","Production Operation","Dysin Group","01","Supervise and manage the day-to-day operation of the organization. Develop and implement operational policies, procedures, and standards.Allocate and manage resources, including personnel, equipment, and budgets, to optimize efficiency and productivity.Monitor and control operational costs to meet budgetary goals.Supervise staff to ensure they have the necessary skills and knowledge to perform their roles effectively.Set clear performance expectations and provide regular feedback.Identify opportunities for process improvement and implement solutions to enhance efficiency, quality, and customer satisfaction.Continuously review and streamline workflows.Ensure that products or services meet quality standards and compliance requirements.Implement quality control measures and monitor performance metrics.Oversee inventory management, procurement, and supply chain logistics to maintain optimal stock levels and reduce lead times.Ensure that operations adhere to safety regulations and compliance standards.Develop and enforce safety protocols and procedures.Generate reports on key performance indicators (KPIs) and operational metrics.Analyze data to identify trends and areas for improvement.Collaborate with customer support teams to address customer concerns and maintain high levels of customer satisfaction.","Supervise and manage the day-to-day operation of the organization.","Full-time","Masters in Chemistry / MBA from a reputed Universities.","Age at least 32 years","Dhaka","Negotiable""jobTitle","category","companyName","vacancy","jobContext","jobDescription","employmentStatus","educationalReq","additionalReq","jobLocation","salary"
"Anodization Plant Manager","Production Operation","Bangladesh Thai Aluminium Ltd","01","This is a full-time job. The employee is expected to mix chemical, check chemical parameters, familiarity with chemical baths, surface preparation, anodization coating thickness measurement, and quality inspection.","","Full-time","Bachelor of Science (BSc) in Chemistry","Age 25 to 35 years","Gazipur (Kaliakair)","Negotiable""jobTitle","category","companyName","vacancy","jobContext","jobDescription","employmentStatus","educationalReq","additionalReq","jobLocation","salary"
"QC Manager","Production Operation","East Coast Group","1","Ensure the testing process pertaining to each module is done correctly and up to the standards and timely publish the results for process control purposes.
Explore & understanding of all the required parameters from all the stockholders and international certification body.
Conduct Training as per the requirements of quality and audit dept. on quality process and product safety standards. And how to improve the skills and knowledge.
Conduct Effective Pre-Production meetings with Production dept. & monitoring the production from the beginning to the shipment.
Conducting Quality inspections as inline, Pre-final & final inspection. & generate report accordingly.
Effectively interact with Technical, Development and Production team to maintain product quality; ensuring that targets are achieved.
Supervise sample evaluation and production approval by reviewing the Technical parameters and inline QC parameters. 
Design the rectification method by joint collaboration with R&D and Production department.
Monitored QA/QC performance by gathering relevant production data and producing statistical reports to be communicated with all related departments.
Identifying relevant quality-related training needs and conduct training.
Responsible for each aspect of quality control through production, incoming and outgoing material.
Ensuring all types of quality issue by Auditing & Controlling.
Follow up and maintain all quality related reports.","Ensure the testing process pertaining to each module is done correctly and up to the standards and timely publish the results for process control purposes.","Full-time","Minimum B.Sc in EEE from reputed institution.","Age at least 30 years","Dhaka (Ashulia)",""